Global Time,Time,Motor 0 Position,Motor 1 Position,Motor 0 Torque,Motor 1 Torque,Force
13:07:45,0.07630729675292969,-4.211949988174529e-06,-7.797799302431224e-06,0.0,0.0
13:07:45,0.08039498329162598,-1.660115423266988e-06,-7.510836493552216e-06,0.0,0.0
13:07:45,0.08434176445007324,-3.623794809645654e-06,-6.539668970941028e-07,0.0,0.0
13:07:45,0.0883934497833252,-4.525000325133448e-06,-6.881771327807118e-06,0.0,0.0
13:07:45,0.09226727485656738,-3.8514677819794126e-06,-9.658314373221155e-06,0.0,0.0
13:07:45,0.09700226783752441,-3.4435537065480955e-06,-9.290124488275156e-06,0.0,0.0
13:07:45,0.1018524169921875,1.42295607708599e-07,-7.104701113217256e-06,0.0,0.0
13:07:45,0.1067500114440918,-2.2672433494903437e-06,-2.384637225849938e-06,0.0,0.0
13:07:45,0.11294984817504883,-3.320230846533976e-06,-8.889918091594721e-06,0.0,0.0
13:07:45,0.11805272102355957,-6.166143000705956e-07,-7.34067466266735e-06,0.0,0.0
13:07:45,0.12194514274597168,-2.79848028493578e-06,-8.76125914629153e-06,0.0,0.0
13:07:45,0.12613701820373535,-3.2822853511450165e-06,-2.5138890695185818e-06,0.0,0.0
13:07:45,0.13002753257751465,-3.927358772757332e-06,-4.463338895126388e-06,0.0,0.0
13:07:45,0.1339263916015625,-2.8269394064774996e-06,-5.2240274980019404e-06,0.0,0.0
13:07:45,0.13782739639282227,-4.581918568216887e-06,-8.643272371566484e-06,0.0,0.0
13:07:45,0.14168834686279297,1.8972747694479864e-08,-3.881112700252037e-06,0.0,0.0
13:07:45,0.14577102661132812,-3.1020442480474577e-06,-4.007400052093419e-06,0.0,0.0
13:07:45,0.15080523490905762,-1.9731657602259057e-06,-4.087441331429506e-06,0.0,0.0
13:07:45,0.15489625930786133,-2.0395703771565854e-06,-6.137683879164236e-06,0.0,0.0
13:07:45,0.15901732444763184,-3.841981408132173e-06,-9.45732182733276e-06,0.0,0.0
13:07:45,0.1628882884979248,-1.7360064140449075e-06,-5.805660794510838e-06,0.0,0.0
13:07:45,0.16704463958740234,-3.2822853511450165e-06,-3.573398448582192e-06,0.0,0.0
13:07:45,0.17093706130981445,-1.4229560770859897e-06,-7.143239506971668e-06,0.0,0.0
13:07:45,0.17500853538513184,-5.881551785288758e-07,-5.563165363040768e-06,0.0,0.0
13:07:45,0.18202471733093262,-3.3961218373118956e-06,-8.854937088033024e-06,0.0,0.0
13:07:45,0.1859288215637207,-4.553459446675167e-07,-3.47082703135891e-06,0.0,0.0
13:07:45,0.19080328941345215,-1.944706638684186e-06,-9.215419294228141e-06,0.0,0.0
13:07:45,0.19480490684509277,1.42295607708599e-07,-3.9208368907373545e-06,0.0,0.0
13:07:45,0.19901418685913086,-3.813522286590453e-06,-6.517731731419286e-06,0.0,0.0
13:07:45,0.20289945602416992,-3.320230846533976e-07,-8.762444943022434e-06,0.0,0.0
13:07:45,0.20728516578674316,-3.1020442480474577e-06,-7.386920735172645e-06,0.0,0.0
13:07:45,0.2111530303955078,-3.6617403050346136e-06,-7.054897650519247e-06,0.0,0.0
13:07:45,0.21514534950256348,-2.5992664341437413e-06,-6.1347193873369734e-06,0.0,0.0
13:07:45,0.21930956840515137,-2.75104841569958e-06,-6.2378837029257075e-06,0.0,0.0
13:07:45,0.22356343269348145,-2.665671051074421e-06,-6.0754295507917235e-06,0.0,0.0
13:07:45,0.22797751426696777,-4.8475370359396055e-06,-5.583916805831605e-06,0.0,0.0
13:07:45,0.23326349258422852,-2.2008387325596644e-06,-4.162739423841972e-06,0.0,0.0
13:07:45,0.23786139488220215,-5.331342102148842e-06,-8.920748806598251e-06,0.0,0.0
13:07:45,0.24188733100891113,-2.883857649560939e-06,-8.537143564150486e-06,0.0,0.0
13:07:45,0.24576830863952637,-4.8190779143978856e-06,-3.924394280930069e-06,0.0,0.0
13:07:45,0.2497999668121338,-3.5099583234787748e-06,-1.2350072952375486e-06,0.0,0.0
13:07:45,0.2535538673400879,-2.077515872545545e-06,-7.541667208555746e-06,0.0,0.0
13:07:45,0.257643461227417,-2.3241615925737832e-06,-7.161619356300696e-06,0.0,0.0
13:07:45,0.26164960861206055,-3.1210169957419375e-06,-5.519883782362735e-06,0.0,0.0
13:07:45,0.2656400203704834,-2.2672433494903437e-06,-5.353279341670584e-06,0.0,0.0
13:07:45,0.27093076705932617,-2.4000525833517026e-06,-9.438941978003732e-07,0.0,0.0
13:07:45,0.2750837802886963,-3.7945495388959726e-06,-5.029556834133521e-06,0.0,0.0
13:07:45,0.2793004512786865,-1.4134697032387498e-06,-1.0053184684612518e-05,0.0,0.0
13:07:45,0.28327345848083496,-3.4625264542425753e-06,-1.0178286239722994e-05,0.0,0.0
13:07:45,0.2871870994567871,-4.629350437453087e-06,-6.095588095217108e-06,0.0,0.0
13:07:45,0.29157114028930664,-1.4988470678639093e-06,-3.673005373978211e-06,0.0,0.0
13:07:45,0.295513391494751,-2.2198114802541442e-06,-6.948175944737798e-06,0.0,0.0
13:07:45,0.2993152141571045,-4.857023409786845e-06,-6.340455120148989e-06,0.0,0.0
13:07:45,0.30318617820739746,-4.3542455958831285e-06,-3.292364623357709e-06,0.0,0.0
13:07:45,0.3071885108947754,-3.737631295812533e-06,-2.9342540106244016e-06,0.0,0.0
13:07:45,0.31178784370422363,-5.6159333175660394e-06,-8.488525898183382e-06,0.0,0.0
13:07:45,0.3159797191619873,-2.9882077618805785e-06,-7.290278301603887e-06,0.0,0.0
13:07:45,0.32028722763061523,-2.78899391108854e-06,-3.4595619624153127e-06,0.0,0.0
13:07:45,0.3241457939147949,-6.887107413096191e-06,-6.3232610675508675e-06,0.0,0.0
13:07:45,0.3281595706939697,-1.5273061894056291e-06,-5.550714497366265e-06,0.0,0.0
13:07:45,0.3320324420928955,-2.229297854101384e-06,-5.99598116982109e-06,0.0,0.0
13:07:45,0.33618664741516113,-2.143920489476225e-06,-6.206460089556725e-06,0.0,0.0
13:07:45,0.3403956890106201,-1.4324424509332296e-06,-8.441094028947181e-06,0.0,0.0
13:07:45,0.3443164825439453,-3.4625264542425753e-06,-5.428577434083051e-06,0.0,0.0
13:07:45,0.3493499755859375,-1.7075472925031877e-06,-8.173696866128106e-06,0.0,0.0
13:07:45,0.35316920280456543,8.537736462515938e-08,-6.989678830319473e-06,0.0,0.0
13:07:45,0.35753369331359863,-2.656184677227181e-06,-5.449328876873889e-06,0.0,0.0
13:07:46,0.3658790588378906,-3.2633126034505366e-06,-6.622081843738925e-06,0.0,0.0
13:07:46,0.37064337730407715,-4.430136586661048e-06,-3.1512548123800148e-06,0.0,0.0
13:07:46,0.37595510482788086,-4.003249763535251e-06,-9.68795929149378e-06,0.0,0.0
13:07:46,0.38095855712890625,-3.5668765665622143e-06,-8.279825673544103e-06,0.0,0.0
13:07:46,0.3857390880584717,-2.485429947976862e-06,-7.2624120784276205e-06,0.0,0.0
13:07:46,0.3922545909881592,-3.5479038188677345e-06,-1.834427542710022e-06,0.0,0.0
13:07:46,0.3968803882598877,-4.866509783634085e-06,-6.509431154302951e-06,0.0,0.0
13:07:46,0.401355504989624,-3.860954155826652e-06,-3.638024370416514e-06,0.0,0.0
13:07:46,0.40602540969848633,-3.917872398910092e-06,-1.74371409279579e-06,0.0,0.0
13:07:46,0.4115722179412842,-5.008805391342684e-06,-4.396341379830256e-06,0.0,0.0
13:07:46,0.41676831245422363,-1.5842244324890687e-06,-6.780385707314742e-06,0.0,0.0
13:07:46,0.42188024520874023,-2.371593461809983e-06,-3.951667605740884e-06,0.0,0.0
13:07:46,0.4268815517425537,-3.2538262296032965e-06,-2.473571980667812e-06,0.0,0.0
13:07:46,0.4345736503601074,-6.735325431540351e-07,-5.843013391534345e-06,0.0,0.0
13:07:46,0.43926572799682617,-6.3463841038035145e-06,-4.548716259751548e-06,0.0,0.0
13:07:46,0.4438650608062744,-4.6767823066892864e-06,-3.955817894299052e-06,0.0,0.0
13:07:46,0.44863200187683105,-3.045126004964018e-06,-5.1261992677022785e-06,0.0,0.0
13:07:46,0.45354771614074707,-4.25938185741073e-06,-4.8190779143978856e-06,0.0,0.0
13:07:46,0.4587397575378418,-1.261687721682911e-06,-9.89191632920944e-06,0.0,0.0
13:07:46,0.4634575843811035,-3.8040359127432127e-06,-5.162366067994881e-06,0.0,0.0
13:07:46,0.4690823554992676,-2.8648849018664593e-06,-4.095149010180388e-06,0.0,0.0
13:07:46,0.47339701652526855,-2.75104841569958e-06,-5.425612942255789e-06,0.0,0.0
13:07:46,0.47740650177001953,-4.951887148259244e-06,-5.578580720542533e-06,0.0,0.0
13:07:46,0.4813556671142578,-1.8688156479062665e-06,-8.339708408454806e-06,0.0,0.0
13:07:46,0.48530054092407227,-1.4703879463221894e-06,-6.7720851301984064e-06,0.0,0.0
13:07:46,0.48927903175354004,-9.296646370295133e-07,-5.429170332448504e-06,0.0,0.0
13:07:46,0.4940056800842285,-2.8459121541719795e-08,-3.3563976468265783e-06,0.0,0.0
13:07:46,0.49862146377563477,-7.484748965472307e-06,-6.7050876149022745e-06,0.0,0.0
13:07:46,0.5029709339141846,-2.7415620418523404e-06,-6.469706963817633e-06,0.0,0.0
13:07:46,0.5094723701477051,-1.42295607708599e-07,-5.100704637987821e-06,0.0,0.0
13:07:46,0.5146396160125732,-1.4609015724749494e-06,-6.387294091019736e-06,0.0,0.0
13:07:46,0.5195362567901611,-3.889413277368372e-06,-7.68752020645706e-06,0.0,0.0
13:07:46,0.5245110988616943,-2.81745303263026e-06,-6.178000968015005e-06,0.0,0.0
13:07:46,0.5293004512786865,-4.316300100494169e-06,-5.2032760552111025e-06,0.0,0.0
13:07:46,0.5336253643035889,-1.0055556278074327e-06,-3.5093654251133225e-06,0.0,0.0
13:07:46,0.5378048419952393,-1.954193012531426e-06,-5.531741749671786e-06,0.0,0.0
13:07:46,0.542060136795044,-4.458595708202768e-06,-8.933199672272754e-06,0.0,0.0
13:07:46,0.5464842319488525,-1.0529874970436323e-06,-8.731614228018906e-06,0.0,0.0
13:07:46,0.551332950592041,-1.2806604693773908e-06,-8.219942938633401e-06,0.0,0.0
13:07:46,0.5569465160369873,-3.6712266788818537e-06,-2.3947164980626305e-06,0.0,0.0
13:07:46,0.5625569820404053,-4.7906187928561656e-06,-5.3864816501359235e-06,0.0,0.0
13:07:46,0.5673749446868896,-3.092557874200218e-06,-8.691297139168134e-06,0.0,0.0
13:07:46,0.5723593235015869,-2.276729723337584e-06,-4.156810440187448e-06,0.0,0.0
13:07:46,0.5772993564605713,-1.4703879463221894e-06,-8.062231973423037e-06,0.0,0.0
13:07:46,0.5825183391571045,-3.3012580988394964e-06,-5.919497280677717e-06,0.0,0.0
13:07:46,0.5881383419036865,-2.7415620418523404e-06,-7.534552428170316e-06,0.0,0.0
13:07:46,0.59285569190979,-6.640461693067952e-07,-4.177561882978285e-06,0.0,0.0
13:07:46,0.5972778797149658,-3.5289310711732546e-06,-4.2125428865399825e-06,0.0,0.0
13:07:46,0.6009402275085449,-5.388260345232281e-06,-6.3208894740890575e-06,0.0,0.0
13:07:46,0.6055681705474854,-4.6767823066892864e-06,-5.309997760992552e-06,0.0,0.0
13:07:46,0.6094179153442383,-3.2917717249922562e-06,-5.719097633154774e-06,0.0,0.0
13:07:46,0.613426923751831,-2.6087528079909815e-06,-3.945738622086359e-06,0.0,0.0
13:07:46,0.6175282001495361,-1.242714973988431e-06,-6.740661516829424e-06,0.0,0.0
13:07:46,0.6216559410095215,-2.0395703771565854e-06,-3.989020202764391e-06,0.0,0.0
13:07:46,0.6255710124969482,-2.2198114802541442e-06,-6.851533511169041e-06,0.0,0.0
13:07:46,0.629296064376831,-3.0166668834222985e-06,-6.412788720734194e-06,0.0,0.0
13:07:46,0.6330571174621582,-3.386635463464656e-06,-6.2242470405203e-06,0.0,0.0
13:07:46,0.6366653442382812,-1.0909329924325923e-06,-5.14576491376221e-06,0.0,0.0
13:07:46,0.6404101848602295,-4.875996157481325e-06,-3.6735982723436637e-06,0.0,0.0
13:07:46,0.6442816257476807,-1.4609015724749494e-06,-4.521442934940732e-06,0.0,0.0
13:07:46,0.6483430862426758,-4.781132419008926e-06,-5.839456001341631e-06,0.0,0.0
13:07:46,0.6520411968231201,-3.1020442480474577e-06,-2.150442371496202e-06,0.0,0.0
13:07:46,0.6558573246002197,-4.401677465119329e-06,-2.5215967482694642e-06,0.0,0.0
13:07:46,0.6595630645751953,-3.1874216126726172e-06,-3.940402536797287e-06,0.0,0.0
13:07:46,0.6633458137512207,-4.3542455958831285e-06,-5.842420493168893e-06,0.0,0.0
13:07:46,0.6673069000244141,-5.445178588315721e-06,-3.321416643264881e-06,0.0,0.0
13:07:46,0.671729326248169,-3.8230086604376926e-06,-4.616306673413132e-06,0.0,0.0
13:07:46,0.6754415035247803,-1.261687721682911e-06,-3.8485032901521495e-06,0.0,0.0
13:07:46,0.679283618927002,-2.1818659848651843e-07,-4.691011867460146e-06,0.0,0.0
13:07:46,0.6829738616943359,-2.494916321824102e-06,-6.846197425879968e-06,0.0,0.0
13:07:46,0.6872899532318115,-3.3961218373118956e-06,-8.311249286913085e-06,0.0,0.0
13:07:46,0.6910302639007568,-1.37552420784979e-06,-7.2339529568859005e-06,0.0,0.0
13:07:46,0.6946742534637451,-2.81745303263026e-06,-3.5645049731004044e-06,0.0,0.0
13:07:46,0.698535680770874,-3.889413277368372e-06,-6.451920012854058e-06,0.0,0.0
13:07:46,0.7021598815917969,-2.902830397255419e-06,-7.909264195136293e-06,0.0,0.0
13:07:46,0.705707311630249,-4.344759222035889e-06,-7.5695334317320134e-06,0.0,0.0
13:07:46,0.7100498676300049,-3.7755767912014927e-06,-5.251893721178207e-06,0.0,0.0
13:07:46,0.7137043476104736,-4.09811350200765e-06,-5.58984578948613e-06,0.0,0.0
13:07:46,0.7179176807403564,-1.7360064140449075e-06,-4.123015233356656e-06,0.0,0.0
13:07:46,0.721947431564331,-1.8308701525173068e-06,-6.183337053304078e-06,0.0,0.0
13:07:46,0.7256731986999512,-1.7075472925031877e-07,-1.6221699278780284e-06,0.0,0.0
13:07:46,0.7299129962921143,-3.5384174450204947e-06,-4.685082883805622e-06,0.0,0.0
13:07:46,0.7335865497589111,-1.42295607708599e-07,-3.5793274322367167e-06,0.0,0.0
13:07:46,0.7374169826507568,-2.523375443365822e-06,-2.6437338115526785e-06,0.0,0.0
13:07:46,0.7411680221557617,-1.8877883956007464e-06,-4.0370449703660435e-06,0.0,0.0
13:07:46,0.7449109554290771,-2.665671051074421e-06,-5.1801530189584555e-06,0.0,0.0
13:07:46,0.7492883205413818,-4.031708885076971e-06,-5.011769883169946e-06,0.0,0.0
13:07:46,0.752948522567749,-1.3186059647663505e-06,-8.983596033336215e-06,0.0,0.0
13:07:46,0.7567927837371826,-5.59696056987156e-07,-4.54693756465519e-06,0.0,0.0
13:07:46,0.7606687545776367,-3.386635463464656e-06,-4.707613021692816e-06,0.0,0.0
13:07:46,0.7643325328826904,-2.6277255556854613e-06,-7.531587936343054e-06,0.0,0.0
13:07:46,0.7687668800354004,-1.8972747694479863e-06,-6.6327540143170695e-06,0.0,0.0
13:07:46,0.7745370864868164,-4.468082082050008e-06,-5.379959768115946e-06,0.0,0.0
13:07:46,0.7792854309082031,-1.4514151986277095e-06,-5.259008501563637e-06,0.0,0.0
13:07:46,0.7831664085388184,-5.6159333175660394e-06,-3.3860425650992032e-06,0.0,0.0
13:07:46,0.7873184680938721,-3.841981408132173e-06,-6.500537678821163e-06,0.0,0.0
13:07:46,0.7921266555786133,-1.7834382832811072e-06,-4.286655182221544e-06,0.0,0.0
13:07:46,0.7960555553436279,-4.373218343577609e-06,-3.7690549091815156e-06,0.0,0.0
13:07:46,0.8002350330352783,-2.248270601795864e-06,-4.695755054383767e-06,0.0,0.0
13:07:46,0.8040728569030762,-2.1628932371707047e-06,-6.6766284933605545e-06,0.0,0.0
13:07:46,0.8079814910888672,-1.3186059647663505e-06,-5.861986139228826e-06,0.0,0.0
13:07:46,0.8116977214813232,-2.115461367934505e-06,-7.1284170478353565e-06,0.0,0.0
13:07:46,0.8154423236846924,-2.81745303263026e-06,-7.485341863837759e-06,0.0,0.0
13:07:46,0.8195908069610596,-1.0435011231963924e-06,-4.358395884441296e-06,0.0,0.0
13:07:46,0.8233168125152588,-4.050681632771451e-06,-3.834866627746742e-06,0.0,0.0
13:07:46,0.8271639347076416,-2.0585431248510653e-06,-4.92224222998662e-06,0.0,0.0
13:07:46,0.8313262462615967,-1.8972747694479863e-06,-6.21713226013487e-06,0.0,0.0
13:07:46,0.8351964950561523,-4.16451811893833e-06,-7.203715140247824e-06,0.0,0.0
13:07:46,0.8390424251556396,-2.79848028493578e-06,-8.238915686327881e-06,0.0,0.0
13:07:46,0.8427741527557373,-3.386635463464656e-06,-6.7412544151948765e-06,0.0,0.0
13:07:46,0.8465375900268555,-3.111530621894698e-06,-7.845231171667424e-06,0.0,0.0
13:07:46,0.8506934642791748,-4.686268680536526e-06,-6.185115748400436e-06,0.0,0.0
13:07:46,0.8569848537445068,-1.3470650863080703e-06,-8.119150216506477e-06,0.0,0.0
13:07:46,0.8639941215515137,-3.320230846533976e-06,-6.041634343960931e-06,0.0,0.0
13:07:46,0.8713028430938721,-3.045126004964018e-06,-6.683150375380532e-06,0.0,0.0
13:07:46,0.8780722618103027,-2.4000525833517026e-06,-5.749928348158303e-06,0.0,0.0
13:07:46,0.8841733932495117,-6.355870477650754e-07,-5.4795666935119656e-06,0.0,0.0
13:07:46,0.8899903297424316,-4.686268680536526e-06,-7.238103245444068e-06,0.0,0.0
13:07:46,0.896345853805542,-4.838050662092365e-07,-7.053711853788342e-06,0.0,0.0
13:07:46,0.9024202823638916,-4.885482531328565e-06,-6.447769724295891e-06,0.0,0.0
13:07:46,0.9087178707122803,-2.2862160971848235e-06,-2.0804803643728077e-06,0.0,0.0
13:07:46,0.9152636528015137,-2.551834564907542e-06,-5.180745917323908e-06,0.0,0.0
13:07:46,0.9226534366607666,-1.2996332170718707e-06,-4.496541203591728e-06,0.0,0.0
13:07:46,0.9278650283813477,-3.946331520451811e-06,-4.801290963434311e-06,0.0,0.0
13:07:46,0.9331340789794922,-1.2047694785994714e-06,-1.05002300521637e-06,0.0,0.0
13:07:46,0.9399526119232178,-2.1723796110179444e-06,-3.4637122509734803e-06,0.0,0.0
13:07:46,0.9478287696838379,-3.794549538895973e-08,-6.905487262425218e-06,0.0,0.0
13:07:46,0.9546561241149902,-2.7036165464633807e-06,-5.972858133568442e-06,0.0,0.0
13:07:46,0.9613027572631836,-1.9921385079203856e-06,-5.684709527958529e-06,0.0,0.0
13:07:46,0.9684319496154785,-9.67610132418473e-07,-4.723621277560034e-06,0.0,0.0
13:07:46,0.9765162467956543,-3.4150945850063754e-07,-4.894968905175805e-06,0.0,0.0
13:07:46,0.9839389324188232,-1.0719602447381124e-06,-7.776454961274934e-06,0.0,0.0
13:07:46,0.9896633625030518,-3.5479038188677345e-06,-7.256483094773095e-06,0.0,0.0
13:07:46,0.9958407878875732,-4.477568455897248e-06,-5.27857414762357e-06,0.0,0.0
13:07:46,1.002023458480835,-2.618239181838221e-06,-6.824853084723679e-06,0.0,0.0
13:07:46,1.0076446533203125,-2.7036165464633807e-06,-6.866948868670806e-06,0.0,0.0
13:07:46,1.0133004188537598,-4.3827047174248485e-06,-4.7829111141052835e-06,0.0,0.0
13:07:46,1.0191771984100342,-2.1344341156289847e-06,-6.738289923367614e-06,0.0,0.0
13:07:46,1.0253584384918213,-1.546278937100109e-06,-7.663211373473508e-06,0.0,0.0
13:07:46,1.0317926406860352,-1.669601797114228e-06,-4.0370449703660435e-06,0.0,0.0
13:07:46,1.0378100872039795,-6.2894658607200745e-06,-5.352093544939679e-06,0.0,0.0
13:07:46,1.0428686141967773,-2.646698303379941e-06,-6.570499685944558e-06,0.0,0.0
13:07:46,1.048086404800415,-2.504402695671342e-06,-6.763784553082071e-06,0.0,0.0
13:07:46,1.0527169704437256,-1.6506290494197482e-06,-6.220689650327586e-06,0.0,0.0
13:07:46,1.0579426288604736,-1.4893606940166694e-06,-8.190298020360776e-06,0.0,0.0
13:07:46,1.0633294582366943,-2.3146752187265435e-06,-5.448143080142983e-06,0.0,0.0
13:07:46,1.0686233043670654,-1.8972747694479864e-08,-6.2870942672582646e-06,0.0,0.0
13:07:46,1.0727932453155518,-1.3375787124608304e-06,-6.509431154302951e-06,0.0,0.0
13:07:46,1.0769343376159668,-1.9731657602259057e-06,-2.8874150397536545e-06,0.0,0.0
13:07:46,1.080583095550537,-4.23092273586901e-06,-6.796393963181959e-06,0.0,0.0
13:07:46,1.0842959880828857,-3.841981408132173e-06,-4.193570138845502e-06,0.0,0.0
13:07:46,1.0881373882293701,-3.955817894299052e-06,-4.201277817596385e-06,0.0,0.0
13:07:46,1.091808795928955,-2.656184677227181e-07,-3.7868418601450905e-06,0.0,0.0
13:07:46,1.0954909324645996,-3.936845146604572e-06,-6.001910153475614e-06,0.0,0.0
13:07:46,1.0994868278503418,-2.2767297233375836e-07,-8.442279825678088e-06,0.0,0.0
13:07:46,1.1033949851989746,-3.4625264542425753e-06,-6.313181795338175e-06,0.0,0.0
13:07:46,1.1070523262023926,-3.737631295812533e-06,-6.1477631513769285e-06,0.0,0.0
13:07:46,1.1113367080688477,-2.2672433494903437e-06,-8.07468283909754e-06,0.0,0.0
13:07:46,1.1150507926940918,-1.2996332170718707e-06,-4.1016708922003656e-06,0.0,0.0
13:07:46,1.119081735610962,-2.2862160971848235e-06,-6.118711131469756e-06,0.0,0.0
13:07:46,1.122854232788086,-3.1494761172836575e-06,-8.125672098526455e-06,0.0,0.0
13:07:46,1.126676082611084,-1.8498429002117866e-06,-7.100550824659089e-06,0.0,0.0
13:07:46,1.1306722164154053,-3.1684488649781374e-06,-3.6374314720510616e-06,0.0,0.0
13:07:46,1.1343238353729248,-3.2917717249922562e-06,-8.140494557662767e-06,0.0,0.0
13:07:46,1.138084888458252,-1.0435011231963924e-06,-2.6295042507818185e-06,0.0,0.0
13:07:46,1.1418578624725342,-3.320230846533976e-06,-5.328377610321579e-06,0.0,0.0
13:07:46,1.1457736492156982,1.8972747694479864e-08,-8.439315333850825e-06,0.0,0.0
13:07:46,1.1494684219360352,-4.16451811893833e-06,-4.300884742992404e-06,0.0,0.0
13:07:46,1.1532864570617676,-5.50209683139916e-06,-6.856276698092661e-06,0.0,0.0
13:07:46,1.1571805477142334,-2.3715934618099829e-07,-6.0262189864591664e-06,0.0,0.0
13:07:46,1.1609690189361572,-2.0205976294621056e-06,-5.29991848877986e-06,0.0,0.0
13:07:46,1.164884090423584,-1.7265200401976676e-06,-6.525439410170168e-06,0.0,0.0
13:07:46,1.1686797142028809,-1.0909329924325923e-06,-4.269461129623422e-06,0.0,0.0
13:07:46,1.1724202632904053,-3.5479038188677345e-06,-5.782537758258191e-06,0.0,0.0
13:07:46,1.1762161254882812,-5.549528700635361e-06,-5.403082804368594e-06,0.0,0.0
13:07:46,1.1799287796020508,-6.735325431540351e-07,-5.449921775239341e-06,0.0,0.0
13:07:46,1.1835815906524658,-2.2862160971848235e-06,-5.1931967829984105e-06,0.0,0.0
13:07:46,1.1875157356262207,-1.3470650863080703e-06,-8.676474680031823e-06,0.0,0.0
13:07:46,1.191821575164795,-1.8213837786700669e-06,-4.541008581000665e-06,0.0,0.0
13:07:46,1.1954219341278076,-3.6807130527290934e-06,-4.637651014569421e-06,0.0,0.0
13:07:46,1.199425220489502,-1.5652516847945888e-06,-4.932321502199312e-06,0.0,0.0
13:07:46,1.2031946182250977,-1.5842244324890687e-06,-5.3194841348397916e-06,0.0,0.0
13:07:46,1.2071833610534668,-4.714727802078246e-06,-4.532115105518877e-06,0.0,0.0
13:07:46,1.2109181880950928,-2.0111112556148654e-06,-7.450360860276061e-06,0.0,0.0
13:07:46,1.214545726776123,-7.190671376207869e-06,-7.018137951861192e-06,0.0,0.0
13:07:46,1.2182250022888184,-5.966929149913917e-06,-7.915193178790819e-07,0.0,0.0
13:07:46,1.222053050994873,-5.189046494440243e-06,-7.777047859640386e-06,0.0,0.0
13:07:46,1.2262482643127441,-1.1857967309049915e-06,-7.414194059983459e-06,0.0,0.0
13:07:46,1.230154037475586,-4.800105166703405e-06,-2.8945298201390842e-06,0.0,0.0
13:07:46,1.2337918281555176,-4.800105166703405e-06,-2.0579502264856126e-06,0.0,0.0
13:07:46,1.237508773803711,-4.743186923619966e-08,-6.533739987286503e-06,0.0,0.0
13:07:46,1.2415738105773926,-1.0435011231963924e-06,-4.160367830380162e-06,0.0,0.0
13:07:46,1.245668649673462,-2.637211929532701e-06,-7.622894284622738e-06,0.0,0.0
13:07:46,1.2496161460876465,-3.917872398910092e-06,-8.071718347270276e-06,0.0,0.0
13:07:46,1.2534608840942383,-2.3336479664210234e-06,-6.703308919805917e-06,0.0,0.0
13:07:46,1.257181167602539,-1.4798743201694293e-06,-5.89874583788688e-06,0.0,0.0
13:07:46,1.2609672546386719,-5.881551785288757e-06,-3.7435602794670583e-06,0.0,0.0
13:07:46,1.264786958694458,-4.19297724048005e-06,-4.0524603278678085e-06,0.0,0.0
13:07:46,1.2687113285064697,-2.077515872545545e-06,-4.009178747189777e-06,0.0,0.0
13:07:46,1.2732162475585938,-2.7605347895468203e-06,-8.780824792351463e-06,0.0,0.0
13:07:46,1.278003454208374,-5.767715299121878e-06,-6.624453437200735e-06,0.0,0.0
13:07:46,1.281569480895996,-3.5384174450204947e-06,-3.7139153611944333e-06,0.0,0.0
13:07:46,1.285330057144165,-6.545597954595553e-06,-6.287687165623718e-06,0.0,0.0
13:07:46,1.289670467376709,-2.276729723337584e-06,-3.4613406575116704e-06,0.0,0.0
13:07:46,1.2933247089385986,-4.3827047174248485e-06,-4.737850838330893e-06,0.0,0.0
13:07:46,1.297163963317871,-5.407233092926762e-07,-3.872812123135702e-06,0.0,0.0
13:07:46,1.3008148670196533,8.537736462515938e-08,-2.9520409615879765e-06,0.0,0.0
13:07:46,1.304469347000122,-2.077515872545545e-06,-9.250400297789839e-06,0.0,0.0
13:07:46,1.3083298206329346,-2.3810798356572228e-06,-6.154877931762358e-06,0.0,0.0
13:07:46,1.3123102188110352,-2.8553985280192196e-06,-4.52322163003709e-06,0.0,0.0
13:07:46,1.3159253597259521,-3.6712266788818537e-06,-8.805133625335014e-06,0.0,0.0
13:07:46,1.319932460784912,-2.343134340268263e-06,-6.8627985801126385e-06,0.0,0.0
13:07:46,1.3236489295959473,-3.310744472686736e-06,-4.609191893027702e-06,0.0,0.0
13:07:46,1.327211856842041,-2.466457200282382e-07,-6.613188368257138e-06,0.0,0.0
13:07:46,1.3310661315917969,-1.7265200401976676e-06,-4.986868151820942e-06,0.0,0.0
13:07:46,1.3347153663635254,-4.6483231851475664e-07,-5.1801530189584555e-06,0.0,0.0
13:07:46,1.3383238315582275,-5.094182755967843e-06,-6.5141743412265705e-06,0.0,0.0
13:07:46,1.341813564300537,-2.4664572002823823e-06,-9.1697661200883e-06,0.0,0.0
13:07:46,1.3453688621520996,-9.296646370295133e-07,-8.36935332672743e-06,0.0,0.0
13:07:46,1.349306344985962,-2.8933440234081793e-06,-3.075956719967548e-06,0.0,0.0
13:07:46,1.353214979171753,-3.4245809588536156e-06,-3.8099648963977375e-06,0.0,0.0
13:07:46,1.356919527053833,-6.128197505316996e-06,-5.015920171728114e-06,0.0,0.0
13:07:47,1.3606958389282227,-1.802411030975587e-06,-6.26930731629469e-06,0.0,0.0
13:07:47,1.364302396774292,-2.115461367934505e-06,-5.196161274825673e-06,0.0,0.0
13:07:47,1.3685917854309082,-5.094182755967843e-06,-4.892004413348543e-06,0.0,0.0
13:07:47,1.3733069896697998,2.940775892644379e-07,-6.837303950398181e-06,0.0,0.0
13:07:47,1.3771717548370361,2.2767297233375836e-07,-3.849689086883055e-06,0.0,0.0
13:07:47,1.3807940483093262,-4.031708885076971e-06,-4.941807876046552e-06,0.0,0.0
13:07:47,1.3844225406646729,-9.58123758571233e-07,-6.65172676201155e-06,0.0,0.0
13:07:47,1.3881745338439941,-3.244339855756057e-06,-5.50921161178459e-06,0.0,0.0
13:07:47,1.3920600414276123,-1.802411030975587e-06,-7.120116470719021e-06,0.0,0.0
13:07:47,1.3956716060638428,-2.5613209387547816e-06,-8.457695183179852e-06,0.0,0.0
13:07:47,1.3996045589447021,-4.268868231257969e-06,-6.049342022711814e-06,0.0,0.0
13:07:47,1.403296709060669,-2.7131029203106204e-06,-5.719097633154774e-06,0.0,0.0
13:07:47,1.4070637226104736,-4.18349086663281e-06,-1.918619110604276e-06,0.0,0.0
13:07:47,1.4106745719909668,-3.585849314256694e-06,-4.082698144505886e-06,0.0,0.0
13:07:47,1.414553165435791,-3.453040080395335e-06,-3.978348032186247e-06,0.0,0.0
13:07:47,1.418184518814087,-4.6483231851475664e-07,-6.62326764046983e-06,0.0,0.0
13:07:47,1.4222934246063232,-3.500471949631535e-06,-6.546783751326458e-06,0.0,0.0
13:07:47,1.4270210266113281,-1.9731657602259057e-06,-6.1554708301278105e-06,0.0,0.0
13:07:47,1.4314303398132324,-4.743186923619966e-06,-9.942905588638353e-06,0.0,0.0
13:07:47,1.4373853206634521,-3.6901994265763336e-06,-4.656623762263902e-06,0.0,0.0
13:07:47,1.4432392120361328,6.640461693067953e-08,-7.2624120784276205e-06,0.0,0.0
13:07:47,1.4494237899780273,-1.5178198155583892e-06,-6.0108036289574015e-06,0.0,0.0
13:07:47,1.454709768295288,-4.050681632771451e-06,8.35986695288019e-08,0.0,0.0
13:07:47,1.4587244987487793,-4.297327352799689e-06,-3.2194381244070517e-06,0.0,0.0
13:07:47,1.4624228477478027,-5.198532868287483e-06,-3.986648609302581e-06,0.0,0.0
13:07:47,1.46681547164917,-2.5802936864492615e-06,-3.731109413792556e-06,0.0,0.0
13:07:47,1.4709339141845703,-3.5668765665622143e-06,-9.050593548632347e-06,0.0,0.0
13:07:47,1.4746675491333008,-1.38501058169703e-06,-5.95803567443213e-06,0.0,0.0
13:07:47,1.4782989025115967,-2.523375443365822e-06,-7.894441735999981e-06,0.0,0.0
13:07:47,1.4820609092712402,-5.255451111370923e-06,-7.330595390454658e-06,0.0,0.0
13:07:47,1.4858474731445312,-1.8972747694479864e-08,-7.637123845393598e-06,0.0,0.0
13:07:47,1.4894671440124512,-2.257756975643104e-06,-8.265596112773243e-06,0.0,0.0
13:07:47,1.4934275150299072,-3.870440529673892e-06,-3.8603612574612e-06,0.0,0.0
13:07:47,1.497331142425537,-4.487054829744488e-06,-7.059047939077415e-06,0.0,0.0
13:07:47,1.5011887550354004,-2.902830397255419e-06,-8.237136991231524e-06,0.0,0.0
13:07:47,1.50584077835083,-4.6198640636058464e-06,-9.631633946775793e-06,0.0,0.0
13:07:47,1.5105624198913574,-6.735325431540351e-07,-8.582203839924876e-06,0.0,0.0
13:07:47,1.5143320560455322,-1.7644655355866273e-06,-6.178000968015005e-06,0.0,0.0
13:07:47,1.518197774887085,-4.4396229605082885e-06,-4.942993672777457e-06,0.0,0.0
13:07:47,1.5226738452911377,-4.240409109716249e-06,-6.748962093945759e-06,0.0,0.0
13:07:47,1.5264458656311035,-6.071279262233557e-06,-9.470365591372714e-06,0.0,0.0
13:07:47,1.5304250717163086,-7.304507862374747e-07,-5.891038159135998e-06,0.0,0.0
13:07:47,1.5343151092529297,-4.335272848188649e-06,-6.533147088921051e-06,0.0,0.0
13:07:47,1.5382301807403564,-3.604822061951174e-06,-3.0480904967912807e-06,0.0,0.0
13:07:47,1.5419604778289795,1.1383648616687918e-07,-5.300511387145312e-06,0.0,0.0
13:07:47,1.5456972122192383,-4.752673297467206e-06,-8.140494557662767e-06,0.0,0.0
13:07:47,1.550689458847046,-2.475943574129622e-06,-8.867980852072979e-06,0.0,0.0
13:07:47,1.5545704364776611,-4.458595708202768e-06,-6.111003452718873e-06,0.0,0.0
13:07:47,1.5583760738372803,-3.3676627157701756e-06,-3.814115184955905e-06,0.0,0.0
13:07:47,1.5621891021728516,-1.7360064140449075e-06,-8.921341704963703e-06,0.0,0.0
13:07:47,1.5660676956176758,-4.079140754313171e-06,-8.51402052789784e-06,0.0,0.0
13:07:47,1.5698680877685547,-1.5178198155583892e-06,-1.9607148945514034e-06,0.0,0.0
13:07:47,1.5739364624023438,-1.7360064140449075e-06,-2.9585628436079536e-06,0.0,0.0
13:07:47,1.5778982639312744,-2.8933440234081793e-06,-8.545444141266822e-06,0.0,0.0
13:07:47,1.5818054676055908,-2.656184677227181e-06,-7.30272916727839e-06,0.0,0.0
13:07:47,1.585693120956421,-1.0150420016546726e-06,-6.886514514730738e-06,0.0,0.0
13:07:47,1.5907113552093506,-8.442872724043539e-07,-7.094028942639111e-06,0.0,0.0
13:07:47,1.5944757461547852,-2.143920489476225e-06,-5.573837533618912e-06,0.0,0.0
13:07:47,1.5984506607055664,-2.2862160971848235e-06,-1.0062671058459758e-05,0.0,0.0
13:07:47,1.6023268699645996,-6.555084328442793e-06,-2.262500162566724e-06,0.0,0.0
13:07:47,1.6060600280761719,-4.961373522106485e-06,-1.0140340744334034e-05,0.0,0.0
13:07:47,1.6099541187286377,-4.297327352799689e-06,-9.198818139995471e-06,0.0,0.0
13:07:47,1.6138441562652588,-4.28784097895245e-06,-5.336085289072462e-06,0.0,0.0
13:07:47,1.6176073551177979,-1.4324424509332296e-06,-9.314433321258708e-06,0.0,0.0
13:07:47,1.6219260692596436,-4.031708885076971e-06,-5.184303307516623e-06,0.0,0.0
13:07:47,1.625797986984253,-8.537736462515939e-07,-5.841827594803441e-06,0.0,0.0
13:07:47,1.6308434009552002,-5.6064469437188e-06,-6.477414642568516e-06,0.0,0.0
13:07:47,1.634944200515747,-2.077515872545545e-06,-9.376094751265768e-06,0.0,0.0
13:07:47,1.6390502452850342,-5.302882980607122e-06,-7.954324470910683e-06,0.0,0.0
13:07:47,1.6429316997528076,-2.3051888448793034e-06,-1.5634729896982314e-06,0.0,0.0
13:07:47,1.6468348503112793,-2.248270601795864e-06,-7.2813848261221e-06,0.0,0.0
13:07:47,1.6507959365844727,1.802411030975587e-07,-8.568567177519469e-06,0.0,0.0
13:07:47,1.6549303531646729,-1.7549791617393874e-06,-3.8230086604376926e-06,0.0,0.0
13:07:47,1.658966302871704,-1.3186059647663505e-06,-4.576582482927815e-06,0.0,0.0
13:07:47,1.6629531383514404,-1.546278937100109e-06,-2.554799056734804e-06,0.0,0.0
13:07:47,1.667062759399414,-3.813522286590453e-06,-4.975603082877344e-06,0.0,0.0
13:07:47,1.671703815460205,-3.8040359127432127e-06,-4.5558310401369775e-06,0.0,0.0
13:07:47,1.6757347583770752,-4.107599875854891e-06,-7.0922502475427545e-06,0.0,0.0
13:07:47,1.6796371936798096,-3.196907986519857e-06,-5.859021647401563e-06,0.0,0.0
13:07:47,1.6836471557617188,-3.5384174450204947e-06,-5.021256257017187e-06,0.0,0.0
13:07:47,1.6874573230743408,-4.211949988174529e-06,-8.00116344178143e-06,0.0,0.0
13:07:47,1.6914386749267578,-3.1874216126726172e-06,-7.487713457299569e-06,0.0,0.0
13:07:47,1.6955976486206055,-4.1455453712438505e-06,-2.190759460346972e-06,0.0,0.0
13:07:47,1.6994576454162598,-1.6506290494197482e-06,-5.124420572605921e-06,0.0,0.0
13:07:47,1.703512191772461,-2.5992664341437413e-06,-6.661806034224242e-06,0.0,0.0
13:07:47,1.7073354721069336,-2.5802936864492615e-06,-2.704209444828833e-06,0.0,0.0
13:07:47,1.7117226123809814,-2.8553985280192196e-06,-6.661806034224242e-06,0.0,0.0
13:07:47,1.7156953811645508,-8.063417770153942e-07,-7.702935563958825e-06,0.0,0.0
13:07:47,1.7199511528015137,-8.727463939460737e-07,-5.419091060235811e-06,0.0,0.0
13:07:47,1.7238695621490479,-7.873690293209144e-07,-3.5135157136714896e-06,0.0,0.0
13:07:47,1.727982521057129,-6.261006739178355e-07,-4.387447904348468e-06,0.0,0.0
13:07:47,1.7318241596221924,-2.3810798356572228e-06,-4.986868151820942e-06,0.0,0.0
13:07:47,1.7359833717346191,-2.7320756680051003e-06,-7.064976922731939e-06,0.0,0.0
13:07:47,1.739866018295288,-3.1305033695891776e-07,-4.878960649308588e-06,0.0,0.0
13:07:47,1.7437770366668701,-1.3186059647663505e-06,-7.268933960447598e-06,0.0,0.0
13:07:47,1.7487106323242188,-3.4245809588536156e-06,-3.225960006427029e-06,0.0,0.0
13:07:47,1.7525877952575684,-2.0205976294621056e-06,-7.223280786307755e-06,0.0,0.0
13:07:47,1.7566795349121094,-3.908386025062852e-06,-5.024813647209901e-06,0.0,0.0
13:07:47,1.7605926990509033,-3.6427675573401337e-06,-4.179340578074643e-06,0.0,0.0
13:07:47,1.7645611763000488,-1.802411030975587e-06,-3.207580157098002e-06,0.0,0.0
13:07:47,1.7686936855316162,-3.3771490896174158e-06,-7.423680433830699e-06,0.0,0.0
13:07:47,1.7725863456726074,-2.7036165464633807e-06,-4.712356208616436e-06,0.0,0.0
13:07:47,1.776705265045166,-3.5573901927149746e-06,-7.01043027311031e-06,0.0,0.0
13:07:47,1.7805595397949219,-2.7131029203106204e-06,-9.433012994349207e-07,0.0,0.0
13:07:47,1.7845702171325684,-1.4893606940166694e-06,-9.228463058268096e-06,0.0,0.0
13:07:47,1.7895984649658203,-4.572432194369647e-06,-6.440062045545009e-06,0.0,0.0
13:07:47,1.7940032482147217,-9.865828801129529e-07,-7.24581092419495e-06,0.0,0.0
13:07:47,1.7981317043304443,-2.1818659848651843e-07,-5.112562605296871e-06,0.0,0.0
13:07:47,1.8019449710845947,-4.999319017495444e-06,-3.518851798960562e-06,0.0,0.0
13:07:47,1.80584716796875,8.537736462515938e-08,-8.798611743315038e-06,0.0,0.0
13:07:47,1.8095834255218506,-4.12657262354937e-06,-4.9169061446975474e-06,0.0,0.0
13:07:47,1.813450813293457,-2.7795075372413e-06,-8.978852846412596e-06,0.0,0.0
13:07:47,1.817620038986206,-5.217505615981963e-06,-8.521135308283268e-06,0.0,0.0
13:07:47,1.8216989040374756,-2.902830397255419e-06,-1.3725597160225277e-06,0.0,0.0
13:07:47,1.8257205486297607,-2.0205976294621056e-06,-8.106106452466521e-06,0.0,0.0
13:07:47,1.8306849002838135,-2.3241615925737832e-06,-7.021695342053907e-06,0.0,0.0
13:07:47,1.8346083164215088,-5.4072330929267615e-06,-2.2263333622741213e-06,0.0,0.0
13:07:47,1.8386785984039307,-3.6617403050346136e-06,-5.146357812127663e-06,0.0,0.0
13:07:47,1.8426048755645752,-1.9257338909897063e-06,-9.418190535212896e-06,0.0,0.0
13:07:47,1.846447467803955,-4.003249763535251e-06,-1.1994333933103988e-06,0.0,0.0
13:07:47,1.8504252433776855,-1.9921385079203858e-07,-1.2711740955301509e-06,0.0,0.0
13:07:47,1.8542108535766602,-3.206394360367097e-06,-9.246842907597124e-06,0.0,0.0
13:07:47,1.8583736419677734,5.691824308343959e-08,-7.669140357128032e-06,0.0,0.0
13:07:47,1.8622198104858398,-2.143920489476225e-06,-7.2730842490057656e-06,0.0,0.0
13:07:47,1.866727352142334,-1.5747380586418288e-06,-5.768901095852784e-06,0.0,0.0
13:07:47,1.8732047080993652,-1.669601797114228e-06,-3.852653578710317e-06,0.0,0.0
13:07:47,1.8784675598144531,-1.8972747694479863e-06,-2.9449261812025463e-06,0.0,0.0
13:07:47,1.8823139667510986,-3.1589624911308972e-06,-4.673224916496571e-06,0.0,0.0
13:07:47,1.8861935138702393,-2.3051888448793034e-06,-4.786468504297998e-06,0.0,0.0
13:07:47,1.889944076538086,-6.545597954595553e-07,-7.382177548249025e-06,0.0,0.0
13:07:47,1.8938462734222412,-2.0300840033093453e-06,-5.356836731863299e-06,0.0,0.0
13:07:47,1.8976097106933594,-2.4285117048934226e-06,-5.558422176117148e-06,0.0,0.0
13:07:47,1.9016971588134766,-1.8308701525173068e-06,-5.5773949238116275e-06,0.0,0.0
13:07:47,1.9056751728057861,-3.0356396311167784e-06,-4.290805470779712e-06,0.0,0.0
13:07:47,1.910722255706787,-4.306813726646929e-06,-2.8411689672483596e-06,0.0,0.0
13:07:47,1.9145641326904297,-2.7225892941578606e-06,-3.2105446489252647e-06,0.0,0.0
13:07:47,1.9188683032989502,-5.7582289252746386e-06,-4.579546974755077e-06,0.0,0.0
13:07:47,1.9228360652923584,1.8972747694479864e-08,-1.1472583371505793e-06,0.0,0.0
13:07:47,1.9268341064453125,-2.637211929532701e-06,-6.502909272282973e-06,0.0,0.0
13:07:47,1.9306893348693848,-2.8364257803247397e-06,-6.546190852961006e-06,0.0,0.0
13:07:47,1.934718132019043,-2.3715934618099829e-07,-6.202902699364011e-06,0.0,0.0
13:07:47,1.9387156963348389,-2.81745303263026e-06,-7.905706804943578e-06,0.0,0.0
13:07:47,1.9428222179412842,-1.6506290494197482e-06,-4.599112620815009e-06,0.0,0.0
13:07:47,1.94657564163208,-2.6941301726161406e-06,-3.2526404328723915e-06,0.0,0.0
13:07:47,1.9514968395233154,-1.7075472925031877e-06,-2.4605282166278573e-07,0.0,0.0
13:07:47,1.955303430557251,-5.160587372898523e-06,-4.536265394077045e-06,0.0,0.0
13:07:47,1.9591665267944336,-3.8799269035211326e-06,-5.653878812954999e-06,0.0,0.0
13:07:47,1.9629716873168945,4.743186923619966e-08,-1.982059235707693e-06,0.0,0.0
13:07:47,1.9669654369354248,-3.1305033695891777e-06,-9.832033594298736e-06,0.0,0.0
13:07:47,1.9708166122436523,-6.830189170012751e-07,-3.875776614962965e-06,0.0,0.0
13:07:47,1.974715232849121,-1.6506290494197482e-06,-7.351939731610947e-06,0.0,0.0
13:07:47,1.9787256717681885,-5.805660794510838e-06,-6.557455921904603e-06,0.0,0.0
13:07:47,1.9825904369354248,-4.079140754313171e-07,-9.008497764685221e-06,0.0,0.0
13:07:47,1.986445426940918,-5.274423859065402e-06,-3.3771490896174158e-06,0.0,0.0
13:07:47,1.9917266368865967,-2.5423481910603018e-06,-8.41204200904001e-06,0.0,0.0
13:07:47,1.9956157207489014,-4.894968905175805e-06,-3.5775487371403594e-06,0.0,0.0
13:07:47,1.9996678829193115,-1.1668239832105117e-06,-6.030962173382786e-06,0.0,0.0
13:07:47,2.004335880279541,-9.58123758571233e-07,-2.1403630992835098e-07,0.0,0.0
13:07:47,2.0082314014434814,-2.883857649560939e-06,-7.277234537563933e-06,0.0,0.0
13:07:47,2.0121917724609375,-4.543973072827927e-06,-2.143327591110772e-06,0.0,0.0
13:07:47,2.016191005706787,-7.114780385429949e-07,-7.429016519119772e-06,0.0,0.0
13:07:47,2.0202105045318604,-1.6316563017252683e-06,-2.369221868348173e-06,0.0,0.0
13:07:47,2.0243148803710938,-9.391510108767532e-07,-7.4201230436379845e-06,0.0,0.0
13:07:47,2.0283262729644775,-6.166143000705956e-06,-6.223061243789396e-06,0.0,0.0
13:07:47,2.0334436893463135,-3.5099583234787748e-06,-8.03199415678496e-06,0.0,0.0
13:07:47,2.03737473487854,-6.071279262233557e-07,-7.703528462324277e-06,0.0,0.0
13:07:47,2.043739080429077,-3.756604043507013e-06,-8.934978367369111e-07,0.0,0.0
13:07:47,2.0476624965667725,-2.9692350141860987e-06,-8.736950313307978e-06,0.0,0.0
13:07:47,2.051522970199585,-2.7320756680051003e-06,-9.165615831530132e-06,0.0,0.0
13:07:47,2.055527448654175,-1.7644655355866273e-06,-6.514767239592024e-06,0.0,0.0
13:07:47,2.059358596801758,-3.3486899680756958e-06,-2.751641314065033e-06,0.0,0.0
13:07:47,2.0636229515075684,-3.766090417354253e-06,-2.2287049557359317e-06,0.0,0.0
13:07:47,2.0676236152648926,-1.4798743201694293e-06,-3.2247742096961242e-06,0.0,0.0
13:07:47,2.0727100372314453,-1.7739519094338672e-06,-6.641647489798857e-06,0.0,0.0
13:07:47,2.076589345932007,-4.022222511229731e-06,-4.15028855816747e-06,0.0,0.0
13:07:47,2.0804736614227295,-5.777201672969119e-06,-5.010584086439042e-06,0.0,0.0
13:07:47,2.084993839263916,-3.5099583234787746e-07,-8.177254256320821e-06,0.0,0.0
13:07:47,2.0890583992004395,-3.614308435798414e-06,-6.545597954595553e-06,0.0,0.0
13:07:47,2.093097448348999,-2.485429947976862e-06,-7.94187360523618e-06,0.0,0.0
13:07:47,2.0970776081085205,-4.0886271281604105e-06,-8.0414805306322e-06,0.0,0.0
13:07:47,2.1010191440582275,-1.5652516847945888e-06,-6.486901016415756e-06,0.0,0.0
13:07:47,2.104961395263672,-3.8230086604376926e-06,-6.379586412268854e-06,0.0,0.0
13:07:47,2.110067844390869,-6.137683879164236e-06,-6.536111580748313e-06,0.0,0.0
13:07:47,2.114074230194092,-3.5573901927149746e-06,-7.982783592452403e-06,0.0,0.0
13:07:47,2.1178815364837646,-4.999319017495444e-06,-9.035178191130583e-06,0.0,0.0
13:07:47,2.122588872909546,-5.255451111370923e-06,-5.644985337473212e-06,0.0,0.0
13:07:47,2.127096652984619,-2.7415620418523404e-06,-6.2793865885073825e-06,0.0,0.0
13:07:47,2.131338357925415,-3.860954155826652e-06,-8.308284795085824e-06,0.0,0.0
13:07:47,2.135833263397217,-2.2008387325596644e-06,-8.503941255685146e-06,0.0,0.0
13:07:47,2.1396327018737793,-5.834119916052558e-06,-9.446056758389163e-06,0.0,0.0
13:07:47,2.1440913677215576,-5.957442776066678e-06,-9.20059683509183e-06,0.0,0.0
13:07:47,2.1490743160247803,-5.521069579093641e-06,-4.306220828281477e-06,0.0,0.0
13:07:47,2.1530826091766357,-2.912316771102659e-06,-3.493357169246105e-06,0.0,0.0
13:07:47,2.156977653503418,-1.5178198155583891e-07,-6.70864500509499e-06,0.0,0.0
13:07:47,2.1608667373657227,-1.0529874970436323e-06,-4.12182943662575e-06,0.0,0.0
13:07:47,2.165461778640747,-7.873690293209144e-07,-6.282351080334645e-06,0.0,0.0
13:07:47,2.171750545501709,-3.5763629404094545e-06,-4.863545291806823e-06,0.0,0.0
13:07:47,2.177091360092163,-1.138364861668792e-06,-8.182590341609893e-06,0.0,0.0
13:07:47,2.1810975074768066,-1.4514151986277095e-06,-3.734073905619818e-06,0.0,0.0
13:07:47,2.1855878829956055,-3.0071805095750584e-06,-7.62585877645e-06,0.0,0.0
13:07:47,2.1907193660736084,-1.963679386378666e-06,-9.93045472296385e-06,0.0,0.0
13:07:47,2.194718837738037,-9.391510108767532e-07,-9.169173221722847e-06,0.0,0.0
13:07:47,2.198868989944458,-1.8498429002117866e-06,-2.304595946513851e-06,0.0,0.0
13:07:47,2.2027294635772705,-6.545597954595553e-07,-9.59724584157955e-06,0.0,0.0
13:07:47,2.206493377685547,-3.2727989772977764e-06,-3.5514612090604494e-06,0.0,0.0
13:07:47,2.210585117340088,-3.870440529673892e-06,-4.579546974755077e-06,0.0,0.0
13:07:47,2.2265007495880127,-2.2767297233375836e-07,-1.600232688356286e-06,0.0,0.0
13:07:47,2.231444835662842,-4.638836811300327e-06,-7.238103245444068e-06,0.0,0.0
13:07:47,2.2354021072387695,-1.546278937100109e-06,-2.9223960433153515e-06,0.0,0.0
13:07:47,2.2396140098571777,-2.2957024710320637e-06,-3.859175460730295e-06,0.0,0.0
13:07:47,2.2434420585632324,-2.115461367934505e-06,-7.063198227635582e-06,0.0,0.0
13:07:47,2.2473466396331787,2.940775892644379e-07,-4.9299499087375025e-06,0.0,0.0
13:07:47,2.251459836959839,-3.860954155826652e-06,-5.491424660821015e-06,0.0,0.0
13:07:47,2.2553534507751465,-5.521069579093641e-06,-6.980785354837685e-06,0.0,0.0
13:07:47,2.2593417167663574,-4.667295932842047e-06,-2.684643798768901e-06,0.0,0.0
13:07:47,2.263338804244995,-1.2806604693773908e-06,-1.9915456095549333e-06,0.0,0.0
13:07:47,2.267637252807617,-4.961373522106485e-06,-4.8884470231558275e-06,0.0,0.0
13:07:47,2.2727344036102295,-1.8783020217535064e-06,-2.912316771102659e-06,0.0,0.0
13:07:47,2.276585578918457,-9.012055154877935e-07,-5.20505475030746e-06,0.0,0.0
13:07:47,2.280698299407959,-1.5747380586418288e-06,-5.393003532155901e-06,0.0,0.0
13:07:47,2.2846052646636963,-3.073585126505738e-06,-4.486461931379036e-06,0.0,0.0
13:07:47,2.2891924381256104,-4.610377689758607e-06,-6.979006659741328e-06,0.0,0.0
13:07:47,2.2933130264282227,-4.022222511229731e-06,-4.885482531328565e-06,0.0,0.0
13:07:47,2.2972311973571777,-5.217505615981963e-06,-5.374623682826874e-06,0.0,0.0
13:07:47,2.301222324371338,-3.3961218373118956e-06,-3.6996858004235733e-06,0.0,0.0
13:07:47,2.3053457736968994,-3.386635463464656e-06,-6.679592985187817e-06,0.0,0.0
13:07:47,2.311068534851074,-4.7906187928561656e-06,-6.448362622661344e-06,0.0,0.0
13:07:47,2.3152015209198,-2.5802936864492615e-06,-5.649135626031379e-06,0.0,0.0
13:07:47,2.319171905517578,-2.5802936864492615e-06,-7.772304672716766e-06,0.0,0.0
13:07:47,2.323194980621338,-1.944706638684186e-06,-7.558861261153868e-06,0.0,0.0
13:07:47,2.327355146408081,-1.261687721682911e-06,-5.624233894682375e-06,0.0,0.0
13:07:47,2.33144211769104,-1.3470650863080703e-06,-3.3048154890322113e-06,0.0,0.0
13:07:47,2.335233688354492,-6.0523065145390765e-06,-5.909418008465025e-06,0.0,0.0
13:07:47,2.3400890827178955,-4.107599875854891e-06,-2.452820537876975e-06,0.0,0.0
13:07:47,2.344191551208496,-4.079140754313171e-06,-1.7395638042376224e-06,0.0,0.0
13:07:47,2.3497073650360107,-2.7795075372413e-06,-9.560486142921493e-06,0.0,0.0
13:07:47,2.3536064624786377,-4.069654380465931e-06,-4.552273649944262e-06,0.0,0.0
13:07:47,2.3574740886688232,-1.8498429002117866e-06,-8.066382261981204e-06,0.0,0.0
13:07:48,2.3613502979278564,-2.087002246392785e-06,-5.232328075118275e-06,0.0,0.0
13:07:48,2.3652288913726807,-4.572432194369647e-06,-6.655284152204265e-06,0.0,0.0
13:07:48,2.3695931434631348,-3.206394360367097e-06,-6.456070301412226e-06,0.0,0.0
13:07:48,2.377868413925171,-2.9692350141860987e-06,-9.271151740580677e-06,0.0,0.0
13:07:48,2.3818297386169434,-1.138364861668792e-06,-5.302882980607122e-06,0.0,0.0
13:07:48,2.3857054710388184,-4.050681632771451e-06,-9.106918893350335e-06,0.0,0.0
13:07:48,2.391123056411743,-3.225367108061577e-06,-5.3378639841688196e-06,0.0,0.0
13:07:48,2.3950698375701904,-3.8040359127432127e-06,-7.632380658469978e-06,0.0,0.0
13:07:48,2.3990674018859863,-7.209644123902348e-07,-9.546849480516086e-06,0.0,0.0
13:07:48,2.4031057357788086,-6.166143000705956e-07,-8.20097019093892e-06,0.0,0.0
13:07:48,2.4069747924804688,-2.8269394064774996e-06,-5.952699589143057e-06,0.0,0.0
13:07:48,2.4116833209991455,-5.198532868287483e-06,-5.800917607587218e-06,0.0,0.0
13:07:48,2.416006088256836,-2.656184677227181e-06,-7.057862142346509e-06,0.0,0.0
13:07:48,2.42049503326416,-2.143920489476225e-06,-5.397153820714069e-06,0.0,0.0
13:07:48,2.424466848373413,-2.096488620240025e-06,-5.718504734789321e-06,0.0,0.0
13:07:48,2.430454969406128,-5.236478363676442e-06,-9.13419221816115e-06,0.0,0.0
13:07:48,2.4343693256378174,-6.460220589970394e-06,-8.664616712722772e-06,0.0,0.0
13:07:48,2.4386773109436035,-2.3146752187265435e-06,-3.5461251237713772e-06,0.0,0.0
13:07:48,2.4424805641174316,-2.618239181838221e-06,-7.871318699747334e-06,0.0,0.0
13:07:48,2.4462530612945557,-3.1305033695891777e-06,-5.426205840621241e-06,0.0,0.0
13:07:48,2.450254440307617,-1.0340147493491525e-06,-5.89400265096326e-06,0.0,0.0
13:07:48,2.4542009830474854,-4.335272848188649e-06,-2.8470979509028844e-06,0.0,0.0
13:07:48,2.458155393600464,-1.916247517142466e-06,-8.399591143365507e-06,0.0,0.0
13:07:48,2.461970329284668,-4.3827047174248485e-06,-8.330814932973018e-06,0.0,0.0
13:07:48,2.465721845626831,-6.393815973039714e-06,-3.5668765665622143e-06,0.0,0.0
13:07:48,2.4710755348205566,-9.486373847239931e-07,-6.480972032761231e-06,0.0,0.0
13:07:48,2.474952220916748,-1.8213837786700669e-06,-8.180218748148084e-06,0.0,0.0
13:07:48,2.478827714920044,-5.312369354454362e-07,-7.00094389926307e-06,0.0,0.0
13:07:48,2.4827747344970703,-3.1305033695891777e-06,-4.079733652678623e-06,0.0,0.0
13:07:48,2.4864859580993652,-1.7170336663504277e-06,-6.397373363232429e-06,0.0,0.0
13:07:48,2.4915432929992676,-1.0529874970436323e-06,-7.116559080526307e-06,0.0,0.0
13:07:48,2.495332717895508,1.3280923386135906e-07,-8.209270768055256e-06,0.0,0.0
13:07:48,2.499356269836426,-3.633281183492894e-06,-7.263004976793073e-06,0.0,0.0
13:07:48,2.503225326538086,-5.008805391342684e-06,-6.5141743412265705e-06,0.0,0.0
13:07:48,2.5071604251861572,-5.189046494440243e-06,-2.320011304015616e-06,0.0,0.0
13:07:48,2.5120015144348145,-2.2008387325596644e-06,-7.110037198506329e-06,0.0,0.0
13:07:48,2.5159571170806885,-1.4324424509332296e-06,-3.1139022153565077e-06,0.0,0.0
13:07:48,2.520209789276123,-3.6712266788818537e-06,-6.687893562304152e-06,0.0,0.0
13:07:48,2.5240848064422607,-1.1763103570577516e-06,-7.4717052014323515e-06,0.0,0.0
13:07:48,2.5282065868377686,-3.310744472686736e-06,-5.583916805831605e-06,0.0,0.0
13:07:48,2.532731533050537,-2.9692350141860987e-06,-8.60473397781207e-06,0.0,0.0
13:07:48,2.5367002487182617,-1.39449695554427e-06,-5.83471281441801e-06,0.0,0.0
13:07:48,2.5409886837005615,-5.995388271455637e-06,-4.811963134012456e-06,0.0,0.0
13:07:48,2.5451056957244873,-3.320230846533976e-06,-8.436943740389014e-06,0.0,0.0
13:07:48,2.5499961376190186,-2.4664572002823823e-06,-8.829442458318566e-06,0.0,0.0
13:07:48,2.5538482666015625,-2.5897800602965016e-06,-4.941807876046552e-06,0.0,0.0
13:07:48,2.557739496231079,-1.0814466185853523e-06,-7.697006580304299e-06,0.0,0.0
13:07:48,2.561612129211426,-9.960692539601928e-07,-6.95114043656506e-06,0.0,0.0
13:07:48,2.5654568672180176,-5.56850144832984e-06,-6.053492311269982e-06,0.0,0.0
13:07:48,2.5694894790649414,-3.472012828089815e-06,-5.656843304782262e-06,0.0,0.0
13:07:48,2.5736191272735596,-4.543973072827927e-06,-6.794022369720149e-06,0.0,0.0
13:07:48,2.577610492706299,-2.0111112556148654e-06,-4.8860754296940175e-06,0.0,0.0
13:07:48,2.5815744400024414,-4.714727802078246e-06,-8.170732374300844e-06,0.0,0.0
13:07:48,2.585444450378418,-5.957442776066678e-06,-7.936537519947108e-06,0.0,0.0
13:07:48,2.590712070465088,-2.9976941357278187e-06,-7.697006580304299e-06,0.0,0.0
13:07:48,2.5944948196411133,-5.189046494440243e-06,-3.7447460761979632e-06,0.0,0.0
13:07:48,2.5987048149108887,-9.77096506265713e-07,-6.8367110520327285e-06,0.0,0.0
13:07:48,2.602499008178711,-2.684643798768901e-06,-7.121895165815379e-06,0.0,0.0
13:07:48,2.606492042541504,-3.5573901927149746e-06,-9.70693203918826e-06,0.0,0.0
13:07:48,2.610323190689087,-1.233228600141191e-07,-6.753112382503926e-06,0.0,0.0
13:07:48,2.6147525310516357,-3.0261532572695383e-06,-7.1545045759152666e-06,0.0,0.0
13:07:48,2.618882894515991,-2.8269394064774996e-06,-9.42174792540561e-06,0.0,0.0
13:07:48,2.623739242553711,-3.4245809588536156e-06,-3.673005373978211e-06,0.0,0.0
13:07:48,2.628000259399414,-2.8648849018664593e-06,-4.492983813399013e-06,0.0,0.0
13:07:48,2.6339941024780273,-8.537736462515939e-07,-5.6165262159314926e-06,0.0,0.0
13:07:48,2.6385185718536377,-1.6126835540307885e-06,-6.435318858621389e-06,0.0,0.0
13:07:48,2.6424753665924072,-3.7945495388959726e-06,-5.818704558550793e-06,0.0,0.0
13:07:48,2.6462478637695312,-3.0356396311167784e-06,-6.814773812510986e-06,0.0,0.0
13:07:48,2.649980306625366,-5.274423859065402e-06,-6.406266838714217e-06,0.0,0.0
13:07:48,2.654412269592285,-4.211949988174529e-06,-7.20786542880599e-06,0.0,0.0
13:07:48,2.65885591506958,-1.669601797114228e-06,-3.2366321770051743e-06,0.0,0.0
13:07:48,2.662726640701294,-2.7795075372413e-06,-3.0516478869839956e-06,0.0,0.0
13:07:48,2.666590690612793,-6.384329599192474e-06,-3.5668765665622143e-06,0.0,0.0
13:07:48,2.6708788871765137,-2.7415620418523404e-06,-6.60666648623716e-06,0.0,0.0
13:07:48,2.675525426864624,-3.955817894299052e-06,-7.1384963200480485e-06,0.0,0.0
13:07:48,2.6793549060821533,-3.993763389688012e-06,-8.434572146927205e-06,0.0,0.0
13:07:48,2.683312177658081,-1.2806604693773908e-06,-4.996354525668181e-06,0.0,0.0
13:07:48,2.6873371601104736,-6.450734216123154e-07,-8.023100681303173e-06,0.0,0.0
13:07:48,2.6917669773101807,-3.8040359127432127e-06,-6.821888592896416e-06,0.0,0.0
13:07:48,2.695958375930786,-3.7281449219652933e-06,-8.40729882211639e-06,0.0,0.0
13:07:48,2.700092077255249,-4.838050662092365e-06,-7.051933158691985e-06,0.0,0.0
13:07:48,2.703989028930664,-3.623794809645654e-06,-6.495201593532091e-06,0.0,0.0
13:07:48,2.708922863006592,-3.5573901927149746e-06,-9.275302029138843e-06,0.0,0.0
13:07:48,2.712754011154175,-3.965304268146292e-06,-5.114341300393228e-06,0.0,0.0
13:07:48,2.7167346477508545,-1.3375787124608304e-06,-4.513142357824398e-06,0.0,0.0
13:07:48,2.7209975719451904,-4.069654380465931e-06,-6.0831372295426064e-06,0.0,0.0
13:07:48,2.724858045578003,-1.6316563017252683e-06,-9.069566296326827e-06,0.0,0.0
13:07:48,2.728994369506836,-1.8972747694479863e-06,-3.028524850731348e-06,0.0,0.0
13:07:48,2.7328262329101562,-1.7739519094338672e-06,-7.688706003187966e-06,0.0,0.0
13:07:48,2.737161874771118,-6.830189170012751e-07,-6.161992712147788e-06,0.0,0.0
13:07:48,2.741203784942627,-1.0814466185853523e-06,-3.4150945850063755e-06,0.0,0.0
13:07:48,2.745237112045288,-2.1818659848651845e-06,-5.914754093754097e-06,0.0,0.0
13:07:48,2.7503697872161865,-4.363731969730369e-06,-4.277761706739757e-06,0.0,0.0
13:07:48,2.7542357444763184,-2.4664572002823823e-06,-6.809437727221914e-06,0.0,0.0
13:07:48,2.7589619159698486,-1.7834382832811072e-06,-8.181997443244441e-06,0.0,0.0
13:07:48,2.7632195949554443,-3.6712266788818537e-06,-7.4687407096050885e-06,0.0,0.0
13:07:48,2.7695696353912354,4.3637319697303686e-07,-5.316519643012529e-06,0.0,0.0
13:07:48,2.7759146690368652,-2.3810798356572228e-06,-3.783284469952375e-06,0.0,0.0
13:07:48,2.7801313400268555,-3.3012580988394964e-06,-6.748962093945759e-06,0.0,0.0
13:07:48,2.784088373184204,-2.0016248817676257e-06,-4.453259622913696e-06,0.0,0.0
13:07:48,2.7896265983581543,-5.255451111370923e-06,-5.701903580556652e-06,0.0,0.0
13:07:48,2.794576406478882,-5.094182755967843e-06,-5.245964737523682e-06,0.0,0.0
13:07:48,2.7989308834075928,2.8459121541719795e-08,-3.091372077469313e-06,0.0,0.0
13:07:48,2.8030011653900146,-1.2711740955301509e-06,-5.5358920382299524e-06,0.0,0.0
13:07:48,2.807082414627075,-3.756604043507013e-06,-8.656316135606439e-06,0.0,0.0
13:07:48,2.811084032058716,-5.302882980607122e-06,-6.63749720124069e-06,0.0,0.0
13:07:48,2.8154404163360596,-3.7945495388959726e-06,-2.3532136124809555e-06,0.0,0.0
13:07:48,2.8202641010284424,-1.916247517142466e-06,-3.6747840690745686e-06,0.0,0.0
13:07:48,2.8245155811309814,-2.6941301726161406e-06,-5.103669129815084e-06,0.0,0.0
13:07:48,2.8299009799957275,-3.5479038188677345e-06,-1.882452310311674e-06,0.0,0.0
13:07:48,2.8339598178863525,-5.397746719079521e-06,-7.091657349177301e-06,0.0,0.0
13:07:48,2.838237762451172,-7.105294011582709e-06,-5.856650053939753e-06,0.0,0.0
13:07:48,2.842134952545166,-1.6221699278780284e-06,-7.382770446614477e-06,0.0,0.0
13:07:48,2.846102714538574,-5.947956402219437e-06,-7.638309642124502e-06,0.0,0.0
13:07:48,2.8500802516937256,-4.629350437453087e-06,-3.324974033457596e-06,0.0,0.0
13:07:48,2.8538756370544434,-3.652253931187374e-06,-8.410856212309105e-06,0.0,0.0
13:07:48,2.858366012573242,-2.1723796110179444e-06,-8.672324391473655e-06,0.0,0.0
13:07:48,2.8621108531951904,-5.6443924391077594e-06,-5.021849155382639e-06,0.0,0.0
13:07:48,2.8659725189208984,-2.2957024710320637e-06,-5.96989364174118e-06,0.0,0.0
13:07:48,2.870859146118164,-7.304507862374747e-07,-9.638748727161223e-06,0.0,0.0
13:07:48,2.87485671043396,-2.75104841569958e-06,-3.338017797497551e-06,0.0,0.0
13:07:48,2.8796226978302,-5.208019242134722e-06,-7.139682116778954e-06,0.0,0.0
13:07:48,2.8834524154663086,-1.944706638684186e-06,-5.162958966360333e-06,0.0,0.0
13:07:48,2.887582302093506,-3.1494761172836575e-06,-5.628384183240542e-06,0.0,0.0
13:07:48,2.891735315322876,-2.4379980787406623e-06,-6.3463841038035145e-06,0.0,0.0
13:07:48,2.8957431316375732,-3.1684488649781374e-06,-3.5680623632931193e-06,0.0,0.0
13:07:48,2.9002108573913574,-3.339203594228456e-06,-7.29561438689296e-06,0.0,0.0
13:07:48,2.9040920734405518,-2.77002116339406e-06,-7.728430193673281e-06,0.0,0.0
13:07:48,2.9079456329345703,-3.927358772757332e-06,-4.468082082050008e-06,0.0,0.0
13:07:48,2.913233995437622,-3.1305033695891776e-07,-5.1801530189584555e-06,0.0,0.0
13:07:48,2.9170825481414795,-1.8783020217535064e-06,-7.466962014508732e-06,0.0,0.0
13:07:48,2.9210829734802246,-1.7170336663504277e-06,-5.9722652352029895e-06,0.0,0.0
13:07:48,2.925093650817871,-4.430136586661048e-06,-3.220623921137957e-06,0.0,0.0
13:07:48,2.929229736328125,-4.970859895953724e-06,-3.7500821614870358e-06,0.0,0.0
13:07:48,2.933321237564087,-4.012736137382491e-06,-5.56612985486803e-06,0.0,0.0
13:07:48,2.9371178150177,-2.068029498698305e-06,-6.294209047643695e-06,0.0,0.0
13:07:48,2.941610097885132,-4.18349086663281e-06,-7.3051007607402e-06,0.0,0.0
13:07:48,2.945481777191162,-4.600891315911367e-06,-6.345198307072609e-06,0.0,0.0
13:07:48,2.9507105350494385,-2.4379980787406623e-06,-5.29991848877986e-06,0.0,0.0
13:07:48,2.9544827938079834,-2.8648849018664593e-06,-5.793802827201788e-06,0.0,0.0
13:07:48,2.958350419998169,-2.1723796110179444e-06,-9.287752894813345e-06,0.0,0.0
13:07:48,2.966360569000244,-5.910010906830477e-06,-6.473857252375801e-06,0.0,0.0
13:07:48,2.973701000213623,-2.1628932371707047e-06,-5.473044811491988e-06,0.0,0.0
13:07:48,2.977607488632202,-2.5328618172130616e-06,-4.587847551871412e-06,0.0,0.0
13:07:48,2.983766555786133,-5.0277781390371635e-06,-7.258854688234905e-06,0.0,0.0
13:07:48,2.989372730255127,-3.320230846533976e-06,-3.0866288905456927e-06,0.0,0.0
13:07:48,2.99489426612854,-5.58747419602432e-06,-4.800105166703405e-06,0.0,0.0
13:07:48,3.000275135040283,-4.932914400564765e-06,-5.89163105750145e-06,0.0,0.0
13:07:48,3.004624128341675,-1.38501058169703e-06,-8.814027100816802e-06,0.0,0.0
13:07:48,3.0101168155670166,-1.935220264836946e-06,-5.4072330929267615e-06,0.0,0.0
13:07:48,3.0140023231506348,-3.206394360367097e-06,-5.2394428555037046e-06,0.0,0.0
13:07:48,3.018364667892456,-3.832495034284932e-06,-5.636091861991424e-06,0.0,0.0
13:07:48,3.022981643676758,-4.866509783634085e-06,-6.456663199777678e-06,0.0,0.0
13:07:48,3.0271782875061035,-2.4095389571989428e-06,-4.5066204758044204e-06,0.0,0.0
13:07:48,3.032334089279175,-2.210325106406904e-06,-5.9360984349103875e-06,0.0,0.0
13:07:48,3.0362493991851807,-2.2672433494903437e-06,-6.329190051205392e-06,0.0,0.0
13:07:48,3.0401453971862793,-3.092557874200218e-06,-7.2339529568859005e-06,0.0,0.0
13:07:48,3.0448522567749023,-3.4150945850063755e-06,-6.510024052668403e-06,0.0,0.0
13:07:48,3.048891544342041,-4.17400449278557e-06,-4.18823405355643e-06,0.0,0.0
13:07:48,3.0527288913726807,-2.883857649560939e-06,-6.723467464231302e-06,0.0,0.0
13:07:48,3.0567126274108887,-2.8079666587830197e-06,-5.702496478922104e-06,0.0,0.0
13:07:48,3.060612440109253,-4.942400774412004e-06,-3.3694414108665333e-06,0.0,0.0
13:07:48,3.06498646736145,-5.3503148498433215e-06,-5.955071182604867e-06,0.0,0.0
13:07:48,3.0715389251708984,-4.553459446675168e-06,-6.318517880627247e-06,0.0,0.0
13:07:48,3.077205181121826,-4.4111638389665685e-06,-8.098991672081093e-06,0.0,0.0
13:07:48,3.0812458992004395,-2.4000525833517026e-06,-6.34756990053442e-06,0.0,0.0
13:07:48,3.085636615753174,-2.665671051074421e-06,-5.1208631824132056e-06,0.0,0.0
13:07:48,3.089590072631836,-7.3139942362219875e-06,-4.772238943527138e-06,0.0,0.0
13:07:48,3.093507766723633,-3.0071805095750584e-06,-4.574210889466005e-06,0.0,0.0
13:07:48,3.0976309776306152,-2.124947741781745e-06,-8.333186526434827e-06,0.0,0.0
13:07:48,3.1015830039978027,-1.8593292740590266e-06,-5.9853089992429445e-06,0.0,0.0
13:07:48,3.106008768081665,-1.7739519094338672e-06,-4.90089788883033e-06,0.0,0.0
13:07:48,3.110713243484497,-4.581918568216887e-06,-5.935505536544935e-06,0.0,0.0
13:07:48,3.1144726276397705,-3.3012580988394964e-06,-6.603701994409897e-06,0.0,0.0
13:07:48,3.118382453918457,-2.2862160971848235e-06,-8.227650617384283e-06,0.0,0.0
13:07:48,3.1227340698242188,2.7510484156995805e-07,-6.540854767671933e-06,0.0,0.0
13:07:48,3.126845359802246,-8.34800898557114e-07,-5.446957283412079e-06,0.0,0.0
13:07:48,3.1358678340911865,-1.0435011231963925e-07,-8.03199415678496e-06,0.0,0.0
13:07:48,3.1416008472442627,-3.898899651215612e-06,-4.201870715961837e-06,0.0,0.0
13:07:48,3.1475090980529785,-1.8593292740590266e-06,-4.313335608666907e-06,0.0,0.0
13:07:48,3.154362201690674,-1.2996332170718707e-06,-7.599178350004638e-06,0.0,0.0
13:07:48,3.1583831310272217,-3.1684488649781374e-06,-8.741100601866145e-06,0.0,0.0
13:07:48,3.1633365154266357,-2.2862160971848235e-06,-6.55686302353915e-06,0.0,0.0
13:07:48,3.167783498764038,-4.553459446675168e-06,-4.438437163777383e-06,0.0,0.0
13:07:48,3.1717329025268555,-2.1534068633234645e-06,-5.738663279214706e-06,0.0,0.0
13:07:48,3.1757309436798096,-5.340828475996082e-06,-2.3496562222882406e-06,0.0,0.0
13:07:48,3.1795947551727295,-3.860954155826652e-06,-4.848129934305058e-06,0.0,0.0
13:07:48,3.1835405826568604,-5.132128251356803e-06,-5.460593945817486e-06,0.0,0.0
13:07:48,3.187819719314575,-5.549528700635361e-06,-5.070466821349744e-06,0.0,0.0
13:07:48,3.1933867931365967,-3.1684488649781374e-06,-2.8933440234081793e-06,0.0,0.0
13:07:48,3.1972150802612305,-3.4056082111591358e-06,-4.09574190854584e-06,0.0,0.0
13:07:48,3.201127290725708,-3.860954155826652e-06,-4.419464416082904e-06,0.0,0.0
13:07:48,3.2052156925201416,-2.81745303263026e-06,-8.042073428997653e-06,0.0,0.0
13:07:48,3.2096097469329834,-2.551834564907542e-06,-5.966929149913917e-06,0.0,0.0
13:07:48,3.2136590480804443,-4.506027577438967e-06,-6.6380900996061425e-06,0.0,0.0
13:07:48,3.2176220417022705,-4.610377689758607e-06,-6.287687165623718e-06,0.0,0.0
13:07:48,3.2219927310943604,-4.581918568216887e-06,-9.396253295691153e-06,0.0,0.0
13:07:48,3.225724697113037,-3.5953356881039343e-06,-7.059047939077415e-06,0.0,0.0
13:07:48,3.2312777042388916,-2.8459121541719794e-06,-6.049934921077267e-06,0.0,0.0
13:07:48,3.2351324558258057,-1.4419288247804696e-06,-2.7409691434868877e-06,0.0,0.0
13:07:48,3.2392117977142334,-5.226991989829203e-06,-5.593996078044297e-06,0.0,0.0
13:07:48,3.243649959564209,-3.2538262296032965e-06,-6.627417929027997e-06,0.0,0.0
13:07:48,3.24794864654541,-2.637211929532701e-06,-7.787720030218532e-06,0.0,0.0
13:07:48,3.251971960067749,-5.653878812954999e-06,-6.096773891948014e-06,0.0,0.0
13:07:48,3.2563393115997314,-6.7258390576931116e-06,-6.489272609877566e-06,0.0,0.0
13:07:48,3.260225296020508,-1.9067611432952264e-06,-4.54456597119338e-06,0.0,0.0
13:07:48,3.264129161834717,-1.3280923386135906e-07,-8.44287272404354e-06,0.0,0.0
13:07:48,3.269512891769409,-4.7431869236199657e-07,-7.816772050125703e-06,0.0,0.0
13:07:48,3.2734620571136475,-2.7415620418523404e-06,-5.9746368286647994e-06,0.0,0.0
13:07:48,3.277350425720215,-2.248270601795864e-06,-6.600737502582635e-06,0.0,0.0
13:07:48,3.2812438011169434,-4.866509783634085e-06,-6.833153661840013e-06,0.0,0.0
13:07:48,3.285231590270996,-3.652253931187374e-06,-6.652912558742455e-06,0.0,0.0
13:07:48,3.2896180152893066,-4.525000325133448e-06,-9.681437409473804e-06,0.0,0.0
13:07:48,3.294088125228882,-4.951887148259244e-06,-8.771338418504221e-06,0.0,0.0
13:07:48,3.3018722534179688,-7.845231171667424e-06,-2.3040030481483984e-06,0.0,0.0
13:07:48,3.307379722595215,-1.4893606940166694e-06,-6.215353565038513e-06,0.0,0.0
13:07:48,3.314635753631592,-7.181185002360628e-06,-4.533300902249783e-06,0.0,0.0
13:07:48,3.3191843032836914,-2.276729723337584e-06,-8.508091544243313e-06,0.0,0.0
13:07:48,3.3248531818389893,-2.9597486403388586e-06,-5.9467706054885326e-06,0.0,0.0
13:07:48,3.330383777618408,1.233228600141191e-07,-6.7436260086566864e-06,0.0,0.0
13:07:48,3.3361756801605225,-1.8688156479062665e-06,-5.781944859892739e-06,0.0,0.0
13:07:48,3.341667413711548,-3.9842770158407715e-07,-5.581545212369795e-06,0.0,0.0
13:07:48,3.3459677696228027,-1.4514151986277095e-06,-5.602296655160632e-06,0.0,0.0
13:07:48,3.3512322902679443,-1.1478512355160318e-06,-3.6208303178183917e-06,0.0,0.0
13:07:48,3.3552231788635254,-4.913941652870284e-06,-7.993455763030548e-06,0.0,0.0
13:07:48,3.3591530323028564,-4.392191091272088e-06,-8.171325272666297e-06,0.0,0.0
13:07:49,3.3630290031433105,-7.114780385429949e-07,-4.720656785732771e-06,0.0,0.0
13:07:49,3.3669917583465576,-5.881551785288758e-07,-6.415753212561456e-06,0.0,0.0
13:07:49,3.3715360164642334,-4.838050662092365e-07,-5.8845162771160204e-06,0.0,0.0
13:07:49,3.3753576278686523,-2.551834564907542e-06,-4.16926130586195e-06,0.0,0.0
13:07:49,3.379218816757202,-3.206394360367097e-06,-4.522628731671638e-06,0.0,0.0
13:07:49,3.3866002559661865,-2.8269394064774996e-06,-9.565229329845113e-06,0.0,0.0
13:07:49,3.391993999481201,-1.3470650863080703e-06,-4.634686522742159e-06,0.0,0.0
13:07:49,3.3968679904937744,-4.894968905175805e-06,-2.290366385742991e-06,0.0,0.0
13:07:49,3.4010069370269775,-8.063417770153942e-07,-2.909945177640849e-06,0.0,0.0
13:07:49,3.4050886631011963,-3.1210169957419375e-06,-5.510990306880948e-06,0.0,0.0
13:07:49,3.409114360809326,-4.392191091272088e-06,-3.6593687115728037e-06,0.0,0.0
13:07:49,3.413361072540283,-6.602516197678993e-06,-7.758668010311359e-06,0.0,0.0
13:07:49,3.417297124862671,-4.8190779143978856e-06,-9.371351564342148e-06,0.0,0.0
13:07:49,3.4217429161071777,-1.6411426755725083e-06,-7.487713457299569e-06,0.0,0.0
13:07:49,3.425632953643799,-2.456970826435142e-06,-7.769933079254957e-06,0.0,0.0
13:07:49,3.4316065311431885,-4.7906187928561656e-06,-6.893036396750715e-06,0.0,0.0
13:07:49,3.4383392333984375,-1.7075472925031877e-06,-8.26974640133141e-06,0.0,0.0
13:07:49,3.4424915313720703,-3.652253931187374e-06,-6.633346912682523e-06,0.0,0.0
13:07:49,3.4468634128570557,-4.487054829744488e-06,-2.7824720290685623e-06,0.0,0.0
13:07:49,3.4507288932800293,-3.5573901927149746e-06,-7.046597073402912e-06,0.0,0.0
13:07:49,3.4552383422851562,-5.008805391342684e-06,-3.3949360405809907e-06,0.0,0.0
13:07:49,3.459221839904785,-2.931289518797139e-06,-6.96299840387411e-06,0.0,0.0
13:07:49,3.463244676589966,-1.546278937100109e-06,-4.128351318645728e-06,0.0,0.0
13:07:49,3.4671225547790527,-2.1344341156289847e-06,-5.347350358016059e-06,0.0,0.0
13:07:49,3.4716429710388184,-2.5138890695185818e-06,-6.275829198314667e-06,0.0,0.0
13:07:49,3.4760754108428955,-3.045126004964018e-06,-4.801290963434311e-06,0.0,0.0
13:07:49,3.4799883365631104,3.320230846533976e-07,-8.078833127655707e-06,0.0,0.0
13:07:49,3.483759880065918,-1.3565514601553102e-06,-5.419091060235811e-06,0.0,0.0
13:07:49,3.487774610519409,-4.667295932842047e-06,-2.360921291231838e-06,0.0,0.0
13:07:49,3.4918594360351562,-4.3542455958831285e-06,-7.890884345807266e-06,0.0,0.0
13:07:49,3.4962382316589355,-8.537736462515939e-07,-5.192603884632957e-06,0.0,0.0
13:07:49,3.500150203704834,-3.111530621894698e-06,-9.458507624063665e-06,0.0,0.0
13:07:49,3.5042216777801514,-3.0546123788112583e-06,-3.2514546361414866e-06,0.0,0.0
13:07:49,3.509506940841675,-7.589099077791946e-08,-6.740661516829424e-06,0.0,0.0
13:07:49,3.5142297744750977,-2.8269394064774996e-06,-6.788686284431076e-06,0.0,0.0
13:07:49,3.518057107925415,-1.8972747694479863e-06,-3.7755767912014927e-06,0.0,0.0
13:07:49,3.522247791290283,-3.870440529673892e-06,-2.949669368126166e-06,0.0,0.0
13:07:49,3.5262339115142822,-1.0150420016546726e-06,-3.4429608081826428e-06,0.0,0.0
13:07:49,3.5302772521972656,-8.537736462515938e-08,-6.566942295751843e-06,0.0,0.0
13:07:49,3.5347466468811035,-1.8877883956007464e-06,-5.83471281441801e-06,0.0,0.0
13:07:49,3.53872013092041,-2.6277255556854613e-06,-4.0939632134494835e-06,0.0,0.0
13:07:49,3.542503833770752,-4.392191091272088e-06,-5.477787998415608e-06,0.0,0.0
13:07:49,3.5464870929718018,-2.2672433494903437e-06,-5.59933216333337e-06,0.0,0.0
13:07:49,3.5508697032928467,-4.809591540550646e-06,-8.880431717747481e-06,0.0,0.0
13:07:49,3.5553529262542725,-1.7644655355866273e-06,-3.7275520235998406e-06,0.0,0.0
13:07:49,3.559260129928589,-2.4190253310461825e-06,-6.090252009928036e-06,0.0,0.0
13:07:49,3.5631160736083984,-5.985901897608397e-06,-6.242033991483875e-06,0.0,0.0
13:07:49,3.5670108795166016,-4.515513951286208e-06,-3.823601558803145e-06,0.0,0.0
13:07:49,3.5710887908935547,-7.589099077791946e-07,-3.4868352872261273e-06,0.0,0.0
13:07:49,3.575526475906372,-2.2957024710320637e-06,-4.3056279299160245e-06,0.0,0.0
13:07:49,3.5796360969543457,-2.0585431248510653e-06,-7.028810122439337e-06,0.0,0.0
13:07:49,3.5833654403686523,-1.0529874970436323e-06,-4.534486698980687e-06,0.0,0.0
13:07:49,3.5873560905456543,-6.507652459206593e-06,-3.830716339188575e-06,0.0,0.0
13:07:49,3.592360258102417,-3.4056082111591358e-06,-3.567469464927667e-06,0.0,0.0
13:07:49,3.5966365337371826,-4.629350437453087e-06,-6.413974517465099e-06,0.0,0.0
13:07:49,3.6004862785339355,-4.610377689758607e-06,-7.388699430269002e-06,0.0,0.0
13:07:49,3.604252338409424,-3.6427675573401337e-06,-8.173103967762653e-06,0.0,0.0
13:07:49,3.608189105987549,-2.931289518797139e-06,-6.089066213197131e-07,0.0,0.0
13:07:49,3.6120972633361816,-3.358176341922936e-06,-6.766749044909334e-06,0.0,0.0
13:07:49,3.616520643234253,-8.537736462515939e-07,-7.261226281696715e-06,0.0,0.0
13:07:49,3.6205227375030518,-3.3012580988394964e-06,-3.897120956119254e-06,0.0,0.0
13:07:49,3.6245241165161133,-4.363731969730369e-06,-8.081204721117518e-06,0.0,0.0
13:07:49,3.630286455154419,-1.792924657128347e-06,-4.768681553334423e-06,0.0,0.0
13:07:49,3.6341552734375,-1.963679386378666e-06,-4.951294249893792e-06,0.0,0.0
13:07:49,3.6386215686798096,-3.6617403050346136e-06,-8.251366552002384e-06,0.0,0.0
13:07:49,3.6424002647399902,-5.008805391342684e-06,-2.194909748905139e-06,0.0,0.0
13:07:49,3.6465184688568115,-1.0624738708908725e-06,-5.4949820510137305e-06,0.0,0.0
13:07:49,3.6503500938415527,-4.743186923619966e-08,-8.286940453929533e-06,0.0,0.0
13:07:49,3.6542253494262695,-5.046750886731644e-06,-8.87035244553479e-06,0.0,0.0
13:07:49,3.658125638961792,-1.9921385079203856e-06,-4.935878892392027e-06,0.0,0.0
13:07:49,3.661957263946533,-3.993763389688012e-06,-1.0132633065583152e-06,0.0,0.0
13:07:49,3.665739059448242,-2.096488620240025e-06,-5.945584808757627e-06,0.0,0.0
13:07:49,3.673842430114746,-1.119392113974312e-06,-3.4939500676115575e-06,0.0,0.0
13:07:49,3.6800217628479004,-2.1913523587124242e-06,-7.188299782746059e-06,0.0,0.0
13:07:49,3.684152364730835,-2.8743712757136994e-06,-4.774017638623496e-06,0.0,0.0
13:07:49,3.688403606414795,-2.7795075372413e-06,-5.627198386509637e-06,0.0,0.0
13:07:49,3.695582389831543,-3.8894132773683723e-07,-8.523506901745079e-06,0.0,0.0
13:07:49,3.7014691829681396,-3.1020442480474577e-06,-4.877774852577682e-06,0.0,0.0
13:07:49,3.7052507400512695,-2.3051888448793034e-06,-3.969454556704459e-06,0.0,0.0
13:07:49,3.7103843688964844,0.0,-2.1877949685197093e-06,0.0,0.0
13:07:49,3.714355707168579,-2.6277255556854613e-06,-5.168887950014858e-06,0.0,0.0
13:07:49,3.7187068462371826,-4.591404942064127e-06,-5.277388350892664e-06,0.0,0.0
13:07:49,3.722644567489624,-9.012055154877935e-07,-6.608445181333518e-06,0.0,0.0
13:07:49,3.726656675338745,-1.4134697032387498e-06,-9.15553655931744e-06,0.0,0.0
13:07:49,3.731025218963623,-3.5479038188677345e-06,-4.933507298930217e-06,0.0,0.0
13:07:49,3.7348597049713135,-2.2862160971848235e-06,-1.6915390366359703e-06,0.0,0.0
13:07:49,3.7392477989196777,1.42295607708599e-07,-3.066470346120308e-06,0.0,0.0
13:07:49,3.7431106567382812,-3.453040080395335e-06,-2.7777288421449425e-06,0.0,0.0
13:07:49,3.747800588607788,-1.8972747694479863e-06,-1.0197851885782927e-06,0.0,0.0
13:07:49,3.754368543624878,-3.8230086604376926e-06,-2.9579699452425013e-06,0.0,0.0
13:07:49,3.7602357864379883,-1.119392113974312e-06,-5.840048899707083e-07,0.0,0.0
13:07:49,3.764147996902466,-3.6712266788818537e-06,-4.7669028582380654e-06,0.0,0.0
13:07:49,3.7698612213134766,-3.6427675573401337e-06,-3.6605545083037086e-06,0.0,0.0
13:07:49,3.774972915649414,-2.475943574129622e-06,-2.2180327851577866e-06,0.0,0.0
13:07:49,3.780958652496338,-2.7131029203106204e-06,-9.952984860851045e-06,0.0,0.0
13:07:49,3.7848587036132812,-3.614308435798414e-06,-3.694349715134501e-06,0.0,0.0
13:07:49,3.790750503540039,-3.0356396311167784e-06,-4.892597311713995e-06,0.0,0.0
13:07:49,3.7946295738220215,-2.0111112556148654e-06,-5.118491588951396e-06,0.0,0.0
13:07:49,3.799283742904663,-1.1573376093632718e-06,-8.83477854360764e-06,0.0,0.0
13:07:49,3.803107261657715,-1.5178198155583892e-06,-4.6329078276458015e-06,0.0,0.0
13:07:49,3.808851957321167,3.320230846533976e-07,-5.449921775239341e-06,0.0,0.0
13:07:49,3.812727689743042,-4.781132419008926e-06,-7.124859657642641e-06,0.0,0.0
13:07:49,3.8166048526763916,-1.811897404822827e-06,-7.280791927756648e-06,0.0,0.0
13:07:49,3.822500467300415,-2.068029498698305e-06,-6.799951353374673e-06,0.0,0.0
13:07:49,3.826364755630493,-8.063417770153942e-07,-6.7465905004839495e-06,0.0,0.0
13:07:49,3.8322362899780273,-1.679088170961468e-06,-6.471485658913991e-06,0.0,0.0
13:07:49,3.836108922958374,-4.079140754313171e-07,-6.992643322146735e-06,0.0,0.0
13:07:49,3.8418591022491455,-2.912316771102659e-06,-8.997825594107075e-06,0.0,0.0
13:07:49,3.845615863800049,-1.4419288247804696e-06,-3.6925710200381435e-06,0.0,0.0
13:07:49,3.8498785495758057,-2.3526207141155032e-06,-7.1284170478353565e-06,0.0,0.0
13:07:49,3.8537347316741943,-3.614308435798414e-06,-7.145018202068026e-06,0.0,0.0
13:07:49,3.857722043991089,-5.1131555036623235e-06,-4.840422255554175e-06,0.0,0.0
13:07:49,3.864978551864624,-1.4134697032387498e-06,-8.765409434849697e-06,0.0,0.0
13:07:49,3.871818780899048,-1.8403565263645467e-06,-4.637651014569421e-06,0.0,0.0
13:07:49,3.8761982917785645,-4.012736137382491e-06,-9.577680195519616e-06,0.0,0.0
13:07:49,3.8822836875915527,-1.7454927878921475e-06,-5.445178588315721e-06,0.0,0.0
13:07:49,3.8881380558013916,-5.6159333175660394e-06,-2.3206042023810683e-06,0.0,0.0
13:07:49,3.8937549591064453,-2.1344341156289847e-06,-5.5465642088080975e-06,0.0,0.0
13:07:49,3.898164749145508,-2.5328618172130616e-06,-2.9046090923517767e-06,0.0,0.0
13:07:49,3.906064987182617,-3.225367108061577e-07,-7.097586332831827e-06,0.0,0.0
13:07:49,3.9108941555023193,-3.329717220381216e-06,-3.052240785349448e-06,0.0,0.0
13:07:49,3.9148921966552734,-2.9976941357278187e-06,-6.148948948107833e-06,0.0,0.0
13:07:49,3.9189834594726562,-9.960692539601928e-07,-4.237444617888987e-06,0.0,0.0
13:07:49,3.925017833709717,-2.210325106406904e-06,-8.161246000453605e-06,0.0,0.0
13:07:49,3.9310462474823,-6.194602122247676e-06,-5.648542727665927e-06,0.0,0.0
13:07:49,3.936650514602661,-2.9692350141860987e-06,-3.7761696895669454e-06,0.0,0.0
13:07:49,3.9424638748168945,-5.6443924391077594e-06,-6.57583577123363e-06,0.0,0.0
13:07:49,3.9467380046844482,-4.838050662092365e-06,-5.62304809795147e-06,0.0,0.0
13:07:49,3.9548394680023193,-4.857023409786845e-06,-8.66639540781913e-06,0.0,0.0
13:07:49,3.9590137004852295,-4.980346269800964e-06,-2.1735654077488494e-06,0.0,0.0
13:07:49,3.964263439178467,-3.339203594228456e-06,-6.665956322782409e-06,0.0,0.0
13:07:49,3.971682548522949,-4.932914400564764e-07,-5.338456882534272e-06,0.0,0.0
13:07:49,3.97890305519104,-3.6901994265763336e-06,-1.004191961566892e-05,0.0,0.0
13:07:49,3.984586000442505,-1.8308701525173068e-06,-3.7405957876397956e-06,0.0,0.0
13:07:49,3.991584539413452,-1.3280923386135906e-07,-9.264629858560698e-06,0.0,0.0
13:07:49,3.995648145675659,-2.4474844525879025e-06,-7.040668089748387e-06,0.0,0.0
13:07:49,4.000603437423706,-1.0624738708908725e-06,-9.137749608353865e-06,0.0,0.0
13:07:49,4.006637096405029,-3.946331520451811e-06,-4.190012748652788e-06,0.0,0.0
13:07:49,4.0106189250946045,-5.985901897608397e-06,-7.0080586796485e-06,0.0,0.0
13:07:49,4.015987396240234,-1.660115423266988e-06,-6.424646688043244e-06,0.0,0.0
13:07:49,4.020991086959839,-7.114780385429949e-07,-7.0507473619610794e-06,0.0,0.0
13:07:49,4.025387525558472,1.6126835540307884e-07,-9.24862160269348e-06,0.0,0.0
13:07:49,4.033097267150879,-1.0814466185853523e-06,-8.156502813529985e-06,0.0,0.0
13:07:49,4.037385702133179,-2.637211929532701e-06,-5.677594747573099e-06,0.0,0.0
13:07:49,4.043877840042114,-1.0435011231963925e-07,-7.011616069841214e-06,0.0,0.0
13:07:49,4.049760580062866,-2.8648849018664593e-06,-4.363139071364916e-06,0.0,0.0
13:07:49,4.0556371212005615,-1.1763103570577516e-06,-3.7868418601450905e-06,0.0,0.0
13:07:49,4.0611536502838135,-5.0277781390371635e-06,-5.406047296195856e-06,0.0,0.0
13:07:49,4.067378520965576,-3.4150945850063754e-07,-4.923428026717525e-06,0.0,0.0
13:07:49,4.074504137039185,-1.2047694785994714e-06,-9.98262977912367e-06,0.0,0.0
13:07:49,4.078524827957153,-3.2633126034505366e-06,-6.805287438663746e-06,0.0,0.0
13:07:49,4.084835052490234,-9.67610132418473e-07,-5.669887068822217e-06,0.0,0.0
13:07:49,4.090176582336426,-1.8972747694479863e-06,-3.2022440718089295e-06,0.0,0.0
13:07:49,4.095714330673218,-3.785063165048733e-06,-3.094336569296575e-06,0.0,0.0
13:07:49,4.100139141082764,-5.340828475996082e-06,-5.318298338108887e-06,0.0,0.0
13:07:49,4.104145526885986,-3.1589624911308972e-06,-3.4690483362625524e-06,0.0,0.0
13:07:49,4.112381219863892,-1.0624738708908725e-06,-3.691978121672691e-06,0.0,0.0
13:07:49,4.122469186782837,-3.6807130527290934e-06,-8.123300505064644e-06,0.0,0.0
13:07:49,4.129135370254517,-1.8688156479062665e-06,-6.208831683018535e-06,0.0,0.0
13:07:49,4.135504484176636,-1.2237422262939512e-06,-4.293177064241522e-06,0.0,0.0
13:07:49,4.1410651206970215,-7.873690293209144e-07,-6.6896722574005095e-06,0.0,0.0
13:07:49,4.147259712219238,-4.838050662092365e-06,-3.992577592957106e-06,0.0,0.0
13:07:49,4.152228116989136,-2.656184677227181e-06,-6.130569098778806e-06,0.0,0.0
13:07:49,4.1568756103515625,-3.339203594228456e-06,-5.94143452019946e-06,0.0,0.0
13:07:49,4.161924362182617,-4.363731969730369e-06,-7.485341863837759e-06,0.0,0.0
13:07:49,4.166623115539551,-4.09811350200765e-06,-9.593095553021382e-06,0.0,0.0
13:07:49,4.17161750793457,-3.8799269035211326e-06,-7.67803383260982e-06,0.0,0.0
13:07:49,4.176288843154907,-1.119392113974312e-06,-9.734205363999074e-06,0.0,0.0
13:07:49,4.181119918823242,-2.8459121541719795e-08,-9.334591865684093e-06,0.0,0.0
13:07:49,4.185794830322266,-9.486373847239931e-07,-9.89962400796032e-06,0.0,0.0
13:07:49,4.190770626068115,-6.061792888386316e-06,-8.237729889596976e-06,0.0,0.0
13:07:49,4.1971306800842285,-3.1020442480474577e-06,-2.3028172514174934e-06,0.0,0.0
13:07:49,4.203330755233765,-2.475943574129622e-06,-5.738663279214706e-06,0.0,0.0
13:07:49,4.20763373374939,-2.9407758926443787e-06,-5.682337934496719e-06,0.0,0.0
13:07:49,4.212942838668823,-3.0071805095750584e-06,-6.4187177043887186e-06,0.0,0.0
13:07:49,4.2172040939331055,-8.442872724043539e-07,-3.887634582272015e-06,0.0,0.0
13:07:49,4.222894906997681,-2.1818659848651845e-06,-9.10810469008124e-06,0.0,0.0
13:07:49,4.228347301483154,-2.921803144949899e-06,-3.3469112729793385e-06,0.0,0.0
13:07:49,4.23391056060791,-4.8475370359396055e-06,-9.456728928967307e-06,0.0,0.0
13:07:49,4.239055156707764,-4.079140754313171e-06,-1.3518082732316904e-06,0.0,0.0
13:07:49,4.244361162185669,-2.5802936864492615e-06,-6.6398687947025e-06,0.0,0.0
13:07:49,4.250039100646973,-4.743186923619966e-06,-2.2909592841084434e-06,0.0,0.0
13:07:49,4.2553629875183105,-4.003249763535251e-06,-5.1777814254966456e-06,0.0,0.0
13:07:49,4.2613866329193115,-1.3660378340025502e-06,-9.358307800302193e-06,0.0,0.0
13:07:49,4.267193078994751,-2.3241615925737832e-06,-9.372537361073052e-06,0.0,0.0
13:07:49,4.273829698562622,-4.581918568216887e-06,-6.335711933225369e-06,0.0,0.0
13:07:49,4.279496908187866,-3.946331520451811e-06,-5.450514673604793e-06,0.0,0.0
13:07:49,4.284364700317383,-2.684643798768901e-06,-9.363050987225813e-06,0.0,0.0
13:07:49,4.289726495742798,7.589099077791946e-08,-7.880805073594574e-06,0.0,0.0
13:07:49,4.294796705245972,-2.485429947976862e-06,-9.558114549459684e-06,0.0,0.0
13:07:49,4.300863981246948,-3.6901994265763336e-06,-9.594281349752286e-06,0.0,0.0
13:07:49,4.306387662887573,-4.686268680536526e-06,-6.721688769134944e-06,0.0,0.0
13:07:49,4.311704635620117,-1.1099057401270721e-06,-8.142866151124576e-06,0.0,0.0
13:07:49,4.317126274108887,-2.1344341156289847e-06,-7.797206404065772e-06,0.0,0.0
13:07:49,4.323503255844116,-2.3810798356572228e-06,-4.198313325769122e-06,0.0,0.0
13:07:49,4.328604698181152,-3.329717220381216e-06,-2.947890673029809e-06,0.0,0.0
13:07:49,4.333594083786011,-1.3375787124608304e-06,-5.004062204419064e-06,0.0,0.0
13:07:49,4.339047908782959,-1.6221699278780284e-06,-8.228836414115189e-06,0.0,0.0
13:07:49,4.345422983169556,-4.543973072827927e-06,-7.983969389183308e-06,0.0,0.0
13:07:49,4.351150751113892,-6.469706963817633e-06,-3.909571821793757e-06,0.0,0.0
13:07:49,4.355609178543091,-6.365356851497995e-06,-5.6936030034403165e-06,0.0,0.0
13:07:49,4.360169410705566,-1.935220264836946e-06,-4.810184438916098e-06,0.0,0.0
13:07:50,4.364506483078003,-3.5479038188677345e-06,-6.123454318393376e-06,0.0,0.0
13:07:50,4.369597673416138,2.940775892644379e-07,-4.899712092099425e-06,0.0,0.0
13:07:50,4.375100135803223,-2.0205976294621056e-06,-5.5904386878515825e-06,0.0,0.0
13:07:50,4.380353927612305,1.3280923386135906e-07,-6.753112382503926e-06,0.0,0.0
13:07:50,4.385082483291626,-1.42295607708599e-07,-6.298359336201862e-06,0.0,0.0
13:07:50,4.390528440475464,-1.0245283755019126e-06,-5.675816052476742e-06,0.0,0.0
13:07:50,4.396204710006714,-3.4245809588536156e-06,-4.892004413348543e-06,0.0,0.0
13:07:50,4.40099024772644,-2.5138890695185818e-06,-3.669447983785496e-06,0.0,0.0
13:07:50,4.405781507492065,-3.0261532572695383e-06,-6.783943097507456e-06,0.0,0.0
13:07:50,4.410790681838989,-4.553459446675168e-06,-4.881332242770398e-06,0.0,0.0
13:07:50,4.416101932525635,-7.209644123902348e-06,-5.993016677993827e-06,0.0,0.0
13:07:50,4.421505689620972,-5.8151471683580785e-06,-6.234919211098445e-06,0.0,0.0
13:07:50,4.4280102252960205,-4.4111638389665685e-06,-6.5064666624756885e-06,0.0,0.0
13:07:50,4.434593439102173,-5.54004232678812e-06,-6.835525255301823e-06,0.0,0.0
13:07:50,4.4419825077056885,-3.329717220381216e-06,-4.393969786368446e-06,0.0,0.0
13:07:50,4.44777512550354,-4.6767823066892864e-06,-7.802542489354844e-06,0.0,0.0
13:07:50,4.453174352645874,-2.2862160971848235e-06,-5.095368552698749e-06,0.0,0.0
13:07:50,4.458251953125,-2.2957024710320637e-06,-5.308811964261647e-06,0.0,0.0
13:07:50,4.463532209396362,-2.3051888448793034e-06,-4.304442133185119e-06,0.0,0.0
13:07:50,4.468429803848267,-2.0395703771565854e-06,-5.9438061136612695e-06,0.0,0.0
13:07:50,4.473801612854004,-4.496541203591728e-06,-7.299764675451128e-06,0.0,0.0
13:07:50,4.478765249252319,-2.523375443365822e-06,-3.6641118984964235e-06,0.0,0.0
13:07:50,4.484110116958618,-6.640461693067953e-08,-5.084103483755151e-06,0.0,0.0
13:07:50,4.489311218261719,-3.5384174450204947e-06,-2.9075735841790393e-06,0.0,0.0
13:07:50,4.496432781219482,-2.1344341156289847e-06,-4.715320700443698e-06,0.0,0.0
13:07:50,4.5017218589782715,-3.8799269035211326e-06,-4.589033348602317e-06,0.0,0.0
13:07:50,4.506088733673096,3.8894132773683723e-07,-6.0108036289574015e-06,0.0,0.0
13:07:50,4.510491132736206,-2.1534068633234645e-06,-4.538636987538855e-06,0.0,0.0
13:07:50,4.515101671218872,-2.79848028493578e-06,-5.633720268529614e-06,0.0,0.0
13:07:50,4.520459413528442,-6.450734216123154e-07,-3.7666833157197053e-06,0.0,0.0
13:07:50,4.525518417358398,-3.092557874200218e-06,-6.246184280042043e-06,0.0,0.0
13:07:50,4.530798673629761,-4.629350437453087e-06,-6.270493113025595e-06,0.0,0.0
13:07:50,4.536134719848633,-4.733700549772726e-06,-4.623421453798562e-06,0.0,0.0
13:07:50,4.541484594345093,-6.327411356109034e-06,-4.9246138234484295e-06,0.0,0.0
13:07:50,4.547102212905884,-1.8877883956007464e-06,-5.758821823640091e-06,0.0,0.0
13:07:50,4.551948070526123,-5.151100999051283e-06,-4.369068055019441e-06,0.0,0.0
13:07:50,4.557682514190674,2.8459121541719795e-08,-5.518697985631831e-06,0.0,0.0
13:07:50,4.563101768493652,-3.8230086604376926e-06,-7.009244476379404e-06,0.0,0.0
13:07:50,4.568681001663208,-4.09811350200765e-06,-3.619051622722034e-06,0.0,0.0
13:07:50,4.5744733810424805,-4.13605899739661e-06,-4.036452072000591e-06,0.0,0.0
13:07:50,4.579866170883179,-3.3771490896174158e-06,-4.275390113277947e-06,0.0,0.0
13:07:50,4.586851596832275,2.087002246392785e-07,-5.89163105750145e-06,0.0,0.0
13:07:50,4.5911126136779785,-5.910010906830477e-06,-1.581259940661806e-06,0.0,0.0
13:07:50,4.595879554748535,-3.766090417354253e-06,-5.604668248622442e-06,0.0,0.0
13:07:50,4.602137088775635,-4.0601680066186905e-06,-3.795735335626878e-06,0.0,0.0
13:07:50,4.606832981109619,-3.1494761172836575e-06,-4.890225718252185e-06,0.0,0.0
13:07:50,4.611842155456543,-5.369287597537802e-06,-2.918245754757184e-06,0.0,0.0
13:07:50,4.616783380508423,-1.2806604693773908e-06,-3.6350598785892513e-06,0.0,0.0
13:07:50,4.621719598770142,-7.114780385429949e-07,-5.564944058137125e-06,0.0,0.0
13:07:50,4.626724720001221,-4.7621596713144456e-06,-3.540196140116852e-06,0.0,0.0
13:07:50,4.631116151809692,-3.5668765665622143e-06,-6.62801082739345e-06,0.0,0.0
13:07:50,4.636857271194458,-7.589099077791946e-07,-6.642833286529762e-06,0.0,0.0
13:07:50,4.642770528793335,-8.917191416405536e-07,-6.037484055402764e-06,0.0,0.0
13:07:50,4.6477484703063965,-3.4435537065480955e-06,-4.4034561602156856e-06,0.0,0.0
13:07:50,4.65180516242981,-4.373218343577609e-06,-4.217878971829055e-06,0.0,0.0
13:07:50,4.6561119556427,-5.796174420663598e-06,-7.721315413287852e-06,0.0,0.0
13:07:50,4.661085844039917,-3.225367108061577e-06,-4.4473306392591705e-06,0.0,0.0
13:07:50,4.666050434112549,-5.59696056987156e-07,-5.135685641549518e-06,0.0,0.0
13:07:50,4.671910047531128,-2.096488620240025e-06,-6.206460089556725e-06,0.0,0.0
13:07:50,4.677048683166504,-4.3637319697303686e-07,-7.002129695993975e-06,0.0,0.0
13:07:50,4.6818530559539795,-3.1874216126726172e-06,-5.212762429058342e-06,0.0,0.0
13:07:50,4.687419652938843,-5.274423859065402e-06,-7.926458247734416e-06,0.0,0.0
13:07:50,4.692981243133545,-2.229297854101384e-06,-6.479786236030326e-06,0.0,0.0
13:07:50,4.69791841506958,-4.6767823066892864e-06,-5.361579918786919e-06,0.0,0.0
13:07:50,4.703124761581421,-1.8593292740590266e-06,-2.226926260639574e-06,0.0,0.0
13:07:50,4.707866668701172,-1.6031971801835485e-06,-3.3575834435574832e-06,0.0,0.0
13:07:50,4.713085174560547,-2.77002116339406e-06,-4.574803787831457e-06,0.0,0.0
13:07:50,4.719146728515625,-1.128878487821552e-06,-9.220162481151761e-06,0.0,0.0
13:07:50,4.724501848220825,-3.3676627157701756e-06,-4.967302505761009e-06,0.0,0.0
13:07:50,4.729546070098877,-3.1494761172836575e-06,-4.477568455897248e-06,0.0,0.0
13:07:50,4.733777761459351,-1.2996332170718707e-06,-3.844353001593983e-06,0.0,0.0
13:07:50,4.737848997116089,-2.238784227948624e-06,-4.386855005983016e-06,0.0,0.0
13:07:50,4.742825508117676,-2.7131029203106204e-06,-5.875029903268781e-06,0.0,0.0
13:07:50,4.747921466827393,-1.42295607708599e-07,-7.2161660059223256e-06,0.0,0.0
13:07:50,4.752438545227051,-3.3486899680756958e-06,-2.0004390850367207e-06,0.0,0.0
13:07:50,4.757181882858276,-1.0055556278074327e-06,-4.795954878145238e-06,0.0,0.0
13:07:50,4.761977195739746,-1.2711740955301509e-06,-8.792682759660512e-06,0.0,0.0
13:07:50,4.7667200565338135,1.9921385079203858e-07,-4.7645312647762555e-06,0.0,0.0
13:07:50,4.771759986877441,-7.968554031681543e-07,-5.226991989829203e-06,0.0,0.0
13:07:50,4.776867628097534,-2.475943574129622e-06,-4.110564367682153e-06,0.0,0.0
13:07:50,4.782516241073608,-6.0807656360807965e-06,-4.58725465350596e-06,0.0,0.0
