Global Time,Time,Motor 0 Position,Motor 1 Position,Motor 0 Torque,Motor 1 Torque
2024-11-21 23:19:16.870906,7.220000952656846e-07,0.006208524107933044,-0.0003662705421447754,0.005343167576938868,-0.0022944090887904167
2024-11-21 23:19:16.873616,0.0032532889999856707,0.006214499473571777,-0.0003661513328552246,0.11101045459508896,0.2340196967124939
2024-11-21 23:19:16.876289,0.005900197999835655,0.006204962730407715,-0.00031745433807373047,0.24259407818317413,0.30726924538612366
2024-11-21 23:19:16.878826,0.008587512999838509,0.006214365363121033,0.00030308961868286133,0.25735512375831604,0.3068409860134125
2024-11-21 23:19:16.881945,0.01113664600006814,0.00620637834072113,0.001331031322479248,0.25637122988700867,0.23472261428833008
2024-11-21 23:19:16.886312,0.014245326000036584,0.006222233176231384,0.00322115421295166,0.24850955605506897,0.24052610993385315
2024-11-21 23:19:16.889026,0.0186017669998364,0.0066068172454833984,0.005936920642852783,0.28783705830574036,0.19511884450912476
2024-11-21 23:19:16.891854,0.02133572999991884,0.008560597896575928,0.008476316928863525,0.2377881556749344,0.04437598958611488
2024-11-21 23:19:16.894337,0.024116544000207796,0.011268571019172668,0.010911345481872559,0.12029995769262314,0.05107959732413292
2024-11-21 23:19:16.897585,0.026594251000005897,0.013639315962791443,0.013925015926361084,0.05585851892828941,0.02741575799882412
2024-11-21 23:19:16.900263,0.029853262999949948,0.01668637990951538,0.016534626483917236,0.05727913975715637,0.015750765800476074
2024-11-21 23:19:16.902827,0.0325241340001412,0.01905563473701477,0.01877772808074951,0.008255495689809322,-0.01683536171913147
2024-11-21 23:19:16.905585,0.03510620999986713,0.021238207817077637,0.021009862422943115,0.003483489155769348,-0.044996846467256546
2024-11-21 23:19:16.908079,0.037861821000205964,0.02337653934955597,0.023146212100982666,-0.017678547650575638,-0.09796255826950073
2024-11-21 23:19:16.910927,0.04034891699984655,0.024959281086921692,0.02491062879562378,-0.04242842644453049,-0.13083872199058533
2024-11-21 23:19:16.913608,0.043230100000073435,0.026740431785583496,0.02656698226928711,-0.06986100971698761,-0.12896570563316345
2024-11-21 23:19:16.916921,0.04588445299987143,0.02799093723297119,0.027813971042633057,-0.10541321337223053,-0.18309277296066284
2024-11-21 23:19:16.920368,0.04951449700001831,0.029143154621124268,0.028656482696533203,-0.1093536764383316,-0.14364594221115112
2024-11-21 23:19:16.923199,0.05273612000019057,0.02949821949005127,0.028713762760162354,-0.11589287966489792,-0.14972466230392456
2024-11-21 23:19:16.925963,0.0555042300002242,0.029511168599128723,0.028377115726470947,-0.08293762058019638,-0.10931282490491867
2024-11-21 23:19:16.929117,0.05826887800003533,0.02948245406150818,0.027684807777404785,-0.06695983558893204,-0.08149097859859467
2024-11-21 23:19:16.932092,0.061658851000174764,0.029490962624549866,0.02644723653793335,-0.07285165786743164,-0.06693356484174728
2024-11-21 23:19:16.934979,0.06436194400021122,0.02948342263698578,0.025201857089996338,-0.06974110007286072,-0.03462240844964981
2024-11-21 23:19:16.937503,0.06724040500012052,0.02946406602859497,0.023865818977355957,-0.05180129036307335,-0.03873167186975479
2024-11-21 23:19:16.940338,0.06981257400002505,0.029471710324287415,0.022501051425933838,-0.07893616706132889,-0.020369520410895348
2024-11-21 23:19:16.942987,0.07260710999980802,0.029449433088302612,0.02095174789428711,-0.07392287254333496,0.002476247027516365
2024-11-21 23:19:16.945630,0.07529007399989496,0.02883686125278473,0.01950371265411377,-0.08054355531930923,0.016832824796438217
2024-11-21 23:19:16.949377,0.0779134829999748,0.027724415063858032,0.01802229881286621,-0.0516444556415081,0.06271754205226898
2024-11-21 23:19:16.953010,0.08217098100021758,0.02531619369983673,0.015864968299865723,-0.018721651285886765,0.09273425489664078
2024-11-21 23:19:16.955585,0.08531275299992558,0.023655056953430176,0.014389395713806152,-0.0005770605057477951,0.16717635095119476
2024-11-21 23:19:16.958207,0.0878459959999418,0.022419705986976624,0.013380348682403564,0.03282404690980911,0.174358069896698
2024-11-21 23:19:16.960704,0.09048618299993905,0.021243706345558167,0.012514829635620117,0.06475032866001129,0.176555335521698
2024-11-21 23:19:16.963766,0.0933666070000072,0.02038724720478058,0.011794328689575195,0.09338095039129257,0.1762838512659073
2024-11-21 23:19:16.966212,0.09604253399993468,0.019804075360298157,0.01140892505645752,0.09287482500076294,0.14968594908714294
2024-11-21 23:19:16.968956,0.09859396199999537,0.01945348083972931,0.011323809623718262,0.08114942163228989,0.16021853685379028
2024-11-21 23:19:16.971467,0.10135220299980574,0.019301190972328186,0.011439621448516846,0.07857582718133926,0.1339460015296936
2024-11-21 23:19:16.975821,0.10441127200010669,0.01930759847164154,0.01216810941696167,0.0723884329199791,0.13019509613513947
2024-11-21 23:19:16.978538,0.1081012780000492,0.01934783160686493,0.012775778770446777,0.05632099509239197,0.09883734583854675
2024-11-21 23:19:16.981944,0.11081361200012907,0.01932847499847412,0.013563871383666992,0.06211172416806221,0.08825326710939407
2024-11-21 23:19:16.985215,0.11480133499981093,0.019328951835632324,0.014872133731842041,0.07307343184947968,0.07072268426418304
2024-11-21 23:19:16.987863,0.11749370600000475,0.019336417317390442,0.01571720838546753,0.0800539180636406,0.053197987377643585
2024-11-21 23:19:16.990609,0.12032168699988688,0.01932421326637268,0.016589701175689697,0.06466248631477356,0.04265467822551727
2024-11-21 23:19:16.994024,0.12289730000020427,0.019349366426467896,0.017350733280181885,0.07509992271661758,0.005059821531176567
2024-11-21 23:19:16.997011,0.12630167999986952,0.019344106316566467,0.018343687057495117,0.08671686798334122,0.0336863212287426
2024-11-21 23:19:16.999999,0.12933408300023075,0.019348233938217163,0.019192516803741455,0.07510903477668762,0.004754018038511276
2024-11-21 23:19:17.002596,0.13234446800015576,0.019468188285827637,0.019909441471099854,0.09320193529129028,0.007967352867126465
2024-11-21 23:19:17.005573,0.13511428299989348,0.01972980797290802,0.02050858736038208,0.07875584065914154,-0.012977470643818378
2024-11-21 23:19:17.008510,0.13793613300003926,0.019917070865631104,0.02104109525680542,0.0842847004532814,-0.02872087061405182
2024-11-21 23:19:17.011394,0.1409577959998387,0.020184308290481567,0.02150416374206543,0.06706706434488297,-0.0148555226624012
2024-11-21 23:19:17.015947,0.14367116699986582,0.02037636935710907,0.021889448165893555,0.06203049421310425,-0.028175925835967064
2024-11-21 23:19:17.019704,0.14823242000011305,0.02050843834877014,0.021928250789642334,0.06336186081171036,-0.04330948740243912
2024-11-21 23:19:17.023472,0.1522269580000284,0.020513802766799927,0.021868884563446045,0.04814346507191658,-0.019397279247641563
2024-11-21 23:19:17.026384,0.1557656320001115,0.020507752895355225,0.02166128158569336,0.06837216764688492,-0.015909450128674507
2024-11-21 23:19:17.029222,0.1587354260000211,0.020517095923423767,0.0213698148727417,0.054503459483385086,-0.005464708898216486
2024-11-21 23:19:17.031853,0.1616107939998983,0.02050541341304779,0.021118462085723877,0.07020889967679977,-0.0033400924876332283
2024-11-21 23:19:17.035355,0.1643031090002296,0.020515024662017822,0.020834505558013916,0.0407380610704422,-0.0057230559177696705
2024-11-21 23:19:17.038277,0.16763193499991758,0.02050699293613434,0.020613253116607666,0.06649983674287796,-0.008060331456363201
2024-11-21 23:19:17.041118,0.17057915399982448,0.020495712757110596,0.020464062690734863,0.06735184788703918,0.007754064165055752
2024-11-21 23:19:17.043780,0.17342218900012085,0.02050788700580597,0.020381808280944824,0.054207660257816315,0.012658242136240005
2024-11-21 23:19:17.046576,0.17605270900003234,0.020499974489212036,0.020369291305541992,0.07704564929008484,0.011087586171925068
2024-11-21 23:19:17.050118,0.17960954999989553,0.020507022738456726,0.020388305187225342,0.06473138183355331,0.007930618710815907
2024-11-21 23:19:17.054721,0.18242104899991318,0.020510047674179077,0.02043008804321289,0.05510326102375984,0.012930095195770264
2024-11-21 23:19:17.057483,0.1871837809999306,0.020513921976089478,0.02064192295074463,0.06406611204147339,0.018897950649261475
2024-11-21 23:19:17.060491,0.18975841200017385,0.020507842302322388,0.020780622959136963,0.05924927443265915,0.007367271929979324
2024-11-21 23:19:17.063218,0.1928540740000244,0.020507872104644775,0.020886361598968506,0.07781766355037689,0.002879730425775051
2024-11-21 23:19:17.065849,0.19548051999981908,0.020507529377937317,0.020955920219421387,0.06368573009967804,0.018569864332675934
2024-11-21 23:19:17.068336,0.198119207000218,0.020507797598838806,0.02100086212158203,0.06297976523637772,0.008391683921217918
2024-11-21 23:19:17.071220,0.20070135700007086,0.020507797598838806,0.021007537841796875,0.07047826051712036,-0.006846531294286251
2024-11-21 23:19:17.073985,0.20355035500006124,0.020507797598838806,0.021010875701904297,0.05429733917117119,-0.00832399819046259
2024-11-21 23:19:17.077112,0.20630866999999853,0.020523056387901306,0.020985066890716553,0.05926981195807457,-0.009281249716877937
2024-11-21 23:19:17.079595,0.20940107200021885,0.0205075740814209,0.020933330059051514,0.07580196857452393,-0.002567068673670292
2024-11-21 23:19:17.082614,0.21190216800005146,0.020507901906967163,0.020850658416748047,0.059807319194078445,-0.005685913842171431
2024-11-21 23:19:17.085117,0.2148815159998776,0.02050754427909851,0.020757079124450684,0.052622728049755096,0.0008992264047265053
2024-11-21 23:19:17.087721,0.21744922200014116,0.02050819993019104,0.020674943923950195,0.04686536639928818,-0.02936161682009697
2024-11-21 23:19:17.090347,0.2199765400000615,0.02050808072090149,0.020619630813598633,0.05104932188987732,0.006082098465412855
2024-11-21 23:19:17.094250,0.2226250409999011,0.020517081022262573,0.020563721656799316,0.06081562489271164,0.007669135462492704
2024-11-21 23:19:17.100025,0.22654763599985017,0.02050831913948059,0.02050381898880005,0.061988163739442825,0.005237249657511711
2024-11-21 23:19:17.102566,0.23231533599982868,0.020504236221313477,0.02049630880355835,0.0740167647600174,0.0030541543383151293
2024-11-21 23:19:17.105214,0.23481302400023196,0.02050863206386566,0.020483970642089844,0.07148316502571106,0.0018584765493869781
2024-11-21 23:19:17.107930,0.2377053740001429,0.020507976412773132,0.020489275455474854,0.050766751170158386,0.002841315232217312
2024-11-21 23:19:17.110597,0.2401624140002241,0.0205085426568985,0.020484745502471924,0.06004658713936806,0.013107316568493843
2024-11-21 23:19:17.113216,0.24285782200013273,0.020495250821113586,0.02047884464263916,0.057116150856018066,-0.014822259545326233
2024-11-21 23:19:17.116804,0.24549332400010826,0.020505473017692566,0.020461201667785645,0.03976369649171829,0.0010497659677639604
2024-11-21 23:19:17.119635,0.2491780700001982,0.02049863338470459,0.02047175168991089,0.06288851052522659,0.0016303532756865025
2024-11-21 23:19:17.123096,0.25195603200018013,0.02050800621509552,0.02046293020248413,0.0792294517159462,0.004531721584498882
2024-11-21 23:19:17.126092,0.25535376400011955,0.02050735056400299,0.020445287227630615,0.0523965060710907,0.002917529083788395
2024-11-21 23:19:17.129065,0.25849385099991196,0.02050730586051941,0.0204201340675354,0.06873887032270432,0.0012300382368266582
2024-11-21 23:19:17.131936,0.26145249599994713,0.020509064197540283,0.020386695861816406,0.06904880702495575,0.005822654347866774
2024-11-21 23:19:17.135983,0.26556355200000326,0.02050730586051941,0.02038043737411499,0.05577266961336136,0.0071961344219744205
2024-11-21 23:19:17.139360,0.2689100249999683,0.020509198307991028,0.020367562770843506,0.06368020176887512,0.008033989928662777
2024-11-21 23:19:17.142116,0.2718179670000609,0.020507603883743286,0.020348787307739258,0.06014551967382431,0.0036739674396812916
2024-11-21 23:19:17.144990,0.27449513400006254,0.02051195502281189,0.02034318447113037,0.06291794776916504,0.005621485877782106
2024-11-21 23:19:17.148218,0.2772773000001507,0.02050812542438507,0.02034449577331543,0.07840490341186523,-0.0007034223526716232
2024-11-21 23:19:17.151021,0.28052131200001895,0.02051524817943573,0.020356833934783936,0.06553400307893753,0.010417488403618336
2024-11-21 23:19:17.153634,0.28330392199995913,0.02051703631877899,0.02034318447113037,0.06813859194517136,-0.0076758973300457
2024-11-21 23:19:17.157385,0.2859389979998923,0.020506858825683594,0.0203818678855896,0.07173097878694534,0.015840398147702217
2024-11-21 23:19:17.160469,0.28978429700009656,0.020507797598838806,0.020380496978759766,0.05751962959766388,0.001766911125741899
2024-11-21 23:19:17.163003,0.2928207380000458,0.020509004592895508,0.020380139350891113,0.05423816293478012,-0.006518286187201738
2024-11-21 23:19:17.165491,0.2952652969997871,0.020511582493782043,0.02036881446838379,0.057389065623283386,-0.0014975517988204956
2024-11-21 23:19:17.168141,0.29780341100013175,0.020524337887763977,0.020376741886138916,0.06657399982213974,0.027181703597307205
2024-11-21 23:19:17.171034,0.3004310229998737,0.020497247576713562,0.020386457443237305,0.056112855672836304,0.005193972494453192
2024-11-21 23:19:17.175013,0.303341502999956,0.02050994336605072,0.02038496732711792,0.06973443925380707,0.0009250203147530556
2024-11-21 23:19:17.178415,0.3073178750000807,0.020507708191871643,0.020385801792144775,0.06377632915973663,0.0022012386471033096
2024-11-21 23:19:17.181582,0.3110839159999159,0.020520925521850586,0.020385801792144775,0.048754289746284485,0.00669865682721138
2024-11-21 23:19:17.184436,0.31388317399978405,0.02050742506980896,0.020385682582855225,0.055149372667074203,0.023082837462425232
2024-11-21 23:19:17.187253,0.3167680430001383,0.020508766174316406,0.020385682582855225,0.05319734662771225,-0.005309741944074631
2024-11-21 23:19:17.190253,0.31952431999980035,0.02052280306816101,0.02037358283996582,0.07136993110179901,-0.0033213570713996887
2024-11-21 23:19:17.192905,0.32252827899992553,0.020506873726844788,0.020383358001708984,0.07116276025772095,0.014897294342517853
2024-11-21 23:19:17.196287,0.3251799839999876,0.02049580216407776,0.02038329839706421,0.0700312927365303,-0.006967226043343544
2024-11-21 23:19:17.199886,0.32855747599978713,0.02050749957561493,0.0203707218170166,0.05968904495239258,0.004156738054007292
2024-11-21 23:19:17.202520,0.3321752970000489,0.02050746977329254,0.0203859806060791,0.07448325306177139,-0.00016687065362930298
2024-11-21 23:19:17.205521,0.3348118170001726,0.020510464906692505,0.020385801792144775,0.05840032547712326,0.007709092926234007
2024-11-21 23:19:17.208285,0.3378175910002028,0.02051703631877899,0.020385801792144775,0.06353460997343063,-0.002221011556684971
2024-11-21 23:19:17.210858,0.34057036800004425,0.020516633987426758,0.020385682582855225,0.06845327466726303,0.01566184312105179
2024-11-21 23:19:17.214723,0.34312111100007314,0.020507648587226868,0.02038717269897461,0.06275483965873718,-0.0009999489411711693
2024-11-21 23:19:17.217495,0.3470306509998409,0.020503729581832886,0.02038562297821045,0.05899544805288315,0.005395934917032719
2024-11-21 23:19:17.222291,0.3505692509997971,0.020507827401161194,0.02039778232574463,0.0703040137887001,0.006888288538902998
2024-11-21 23:19:17.226192,0.35470904700014216,0.020511344075202942,0.02038484811782837,0.06115534529089928,0.01077819149941206
2024-11-21 23:19:17.229385,0.3587401029999455,0.020507678389549255,0.020385682582855225,0.06133401021361351,0.009785677306354046
2024-11-21 23:19:17.232017,0.36170410000022457,0.02051381766796112,0.020385682582855225,0.05261655151844025,0.02250632271170616
2024-11-21 23:19:17.234635,0.3643038609998257,0.020517244935035706,0.020385682582855225,0.05413089692592621,0.008587971329689026
2024-11-21 23:19:17.237370,0.36692214100003184,0.020507454872131348,0.020385801792144775,0.0610828697681427,0.005668021738529205
2024-11-21 23:19:17.240906,0.369796230999782,0.020503029227256775,0.020385801792144775,0.05154450237751007,0.019557086750864983
2024-11-21 23:19:17.243738,0.37319813000021895,0.02050773799419403,0.020388305187225342,0.06377320736646652,0.008693372830748558
2024-11-21 23:19:17.246494,0.37607049799999004,0.020507723093032837,0.020397722721099854,0.05551396682858467,0.01784351095557213
2024-11-21 23:19:17.249967,0.37876307299984546,0.020505771040916443,0.020385444164276123,0.052940793335437775,-0.013772843405604362
2024-11-21 23:19:17.254221,0.38226506199998767,0.02050766348838806,0.020385682582855225,0.04599737748503685,0.011338244192302227
2024-11-21 23:19:17.257187,0.3865056720001121,0.020519733428955078,0.020385682582855225,0.06420578807592392,-0.004842931404709816
2024-11-21 23:19:17.260524,0.3895228709998264,0.020507439970970154,0.02037721872329712,0.05207023397088051,0.0034996625036001205
2024-11-21 23:19:17.263507,0.3930584720001207,0.020507752895355225,0.020385801792144775,0.05780960991978645,0.009406860917806625
2024-11-21 23:19:17.266448,0.39586954500009597,0.020507797598838806,0.020385801792144775,0.057149738073349,0.002941874787211418
2024-11-21 23:19:17.269038,0.3986876180001673,0.020507797598838806,0.020385801792144775,0.07169468700885773,0.004690664820373058
2024-11-21 23:19:17.271905,0.40136643300002106,0.020505040884017944,0.020386338233947754,0.060827743262052536,0.0014494587667286396
2024-11-21 23:19:17.274519,0.4041934689998925,0.020502284169197083,0.020386040210723877,0.06539858132600784,-0.009122760966420174
2024-11-21 23:19:17.277481,0.40678661899983126,0.02050788700580597,0.020381271839141846,0.05924069136381149,0.00019782036542892456
2024-11-21 23:19:17.280502,0.4097618929999953,0.020507827401161194,0.020367920398712158,0.05435297638177872,-0.003678110893815756
2024-11-21 23:19:17.283659,0.41288944400002947,0.020519345998764038,0.020367920398712158,0.06015060842037201,0.00718170590698719
2024-11-21 23:19:17.287141,0.4159622170000148,0.02050665020942688,0.020376741886138916,0.07478106021881104,0.0032413890585303307
2024-11-21 23:19:17.290205,0.41948600200021247,0.02050580084323883,0.020386874675750732,0.06184903159737587,0.01055200956761837
2024-11-21 23:19:17.294413,0.42252014599989707,0.02050316333770752,0.020378172397613525,0.05964675545692444,0.0014804992824792862
2024-11-21 23:19:17.297164,0.42675916300004246,0.020514026284217834,0.020384490489959717,0.04863114282488823,0.005517847836017609
2024-11-21 23:19:17.301088,0.42947120000008,0.020507365465164185,0.020386159420013428,0.06161526218056679,-0.0001398324966430664
2024-11-21 23:19:17.304390,0.4336583290000817,0.020506277680397034,0.020378291606903076,0.07058970630168915,-0.00587947154417634
2024-11-21 23:19:17.307381,0.43669237999984034,0.02050769329071045,0.0203859806060791,0.04383441433310509,0.011723770759999752
2024-11-21 23:19:17.310196,0.4396590249998553,0.02051357924938202,0.020391762256622314,0.0623052716255188,-0.005586326587945223
2024-11-21 23:19:17.313031,0.44242922800003726,0.02051357924938202,0.0203855037689209,0.0652027502655983,0.013215313665568829
2024-11-21 23:19:17.315718,0.44533480000018244,0.020495429635047913,0.020385682582855225,0.06554225087165833,0.0015956507995724678
2024-11-21 23:19:17.319171,0.44813400300017747,0.020508334040641785,0.020385682582855225,0.05780785158276558,0.007681780029088259
2024-11-21 23:19:17.323736,0.4515403270002025,0.02051195502281189,0.0203893780708313,0.046866271644830704,0.001514562638476491
2024-11-21 23:19:17.326759,0.45607232100019246,0.020507529377937317,0.02038562297821045,0.07915700972080231,-0.0014814632013440132
2024-11-21 23:19:17.329982,0.4592423519998192,0.020507484674453735,0.020385682582855225,0.0563499741256237,0.0015159095637500286
2024-11-21 23:19:17.334341,0.4623024779998559,0.020508810877799988,0.02039116621017456,0.03816520795226097,-0.006346298381686211
2024-11-21 23:19:17.337794,0.4667419359998348,0.020507827401161194,0.02038508653640747,0.06185740604996681,0.005975727923214436
2024-11-21 23:19:17.341349,0.4700788720001583,0.020508095622062683,0.020397663116455078,0.06572110205888748,0.00027346983551979065
2024-11-21 23:19:17.343958,0.473679268000069,0.02052292227745056,0.02038520574569702,0.06452618539333344,-0.002852264791727066
2024-11-21 23:19:17.346892,0.47622456699991744,0.02051118016242981,0.020385444164276123,0.04362137243151665,-0.016818325966596603
2024-11-21 23:19:17.350426,0.47920604499995534,0.020497962832450867,0.02038353681564331,0.06225324794650078,0.013368966989219189
2024-11-21 23:19:17.353626,0.48272588600002564,0.020508691668510437,0.02038562297821045,0.04799427464604378,-0.00296689011156559
2024-11-21 23:19:17.356983,0.4859072690001085,0.020500123500823975,0.020385563373565674,0.07940196245908737,0.016915906220674515
2024-11-21 23:19:17.359709,0.4893767029998344,0.020510762929916382,0.020386099815368652,0.06339913606643677,0.001424204558134079
2024-11-21 23:19:17.363883,0.492115609999928,0.02052287757396698,0.0203855037689209,0.060543227940797806,0.009433903731405735
2024-11-21 23:19:17.367637,0.496561550000024,0.020513728260993958,0.020385682582855225,0.04593249782919884,0.013202305883169174
2024-11-21 23:19:17.370470,0.49991094899996824,0.020507141947746277,0.02039170265197754,0.05813879892230034,-0.01082843542098999
2024-11-21 23:19:17.372786,0.502720244000102,0.020507708191871643,0.0203855037689209,0.05297604575753212,-0.012540499679744244
2024-11-21 23:19:17.376887,0.505088490000162,0.020519673824310303,0.020392000675201416,0.06768544763326645,-0.011892893351614475
2024-11-21 23:19:17.379771,0.5091888980000476,0.020507723093032837,0.02040088176727295,0.05524929612874985,-0.005666057579219341
2024-11-21 23:19:17.383213,0.5120631730001151,0.020497828722000122,0.020385444164276123,0.051595043390989304,0.0015015704557299614
2024-11-21 23:19:17.386652,0.5161079330000575,0.02049998939037323,0.0203859806060791,0.061619214713573456,0.0031453408300876617
2024-11-21 23:19:17.389598,0.5189548019998256,0.020510494709014893,0.020385801792144775,0.07457338273525238,0.014790672808885574
2024-11-21 23:19:17.392197,0.5219830390001334,0.02050735056400299,0.020385801792144775,0.070008285343647,0.015659645199775696
2024-11-21 23:19:17.394749,0.5244424500001514,0.020507797598838806,0.020385801792144775,0.07195591181516647,0.003858341369777918
2024-11-21 23:19:17.397098,0.5270665809998718,0.02050885558128357,0.020385682582855225,0.07054497301578522,0.0010399241000413895
2024-11-21 23:19:17.400077,0.5293599020001238,0.020514369010925293,0.020376086235046387,0.0718633383512497,-0.014039892703294754
2024-11-21 23:19:17.402952,0.5323510469997927,0.020507320761680603,0.0203857421875,0.06350909173488617,0.02097039483487606
2024-11-21 23:19:17.405606,0.5351874900002258,0.020508304238319397,0.020385682582855225,0.06601405143737793,0.00096904207020998
2024-11-21 23:19:17.408082,0.5378585459998249,0.020505309104919434,0.020385682582855225,0.05716477334499359,0.0014059143140912056
2024-11-21 23:19:17.410751,0.5403177349999169,0.02051377296447754,0.020385682582855225,0.056384868919849396,-0.0009488379582762718
2024-11-21 23:19:17.414493,0.5430013649997818,0.020507827401161194,0.020385801792144775,0.0606609471142292,-0.010967576876282692
2024-11-21 23:19:17.417501,0.5467488330000378,0.02050808072090149,0.020385801792144775,0.058478377759456635,0.01276619452983141
2024-11-21 23:19:17.419977,0.5497551069997826,0.020507901906967163,0.020385682582855225,0.05717511102557182,-0.011741910129785538
2024-11-21 23:19:17.423171,0.5522489439999845,0.020493537187576294,0.020385682582855225,0.04150594025850296,0.011042979545891285
2024-11-21 23:19:17.425967,0.5556271010000273,0.020507946610450745,0.020385682582855225,0.07294666022062302,-0.00977519154548645
2024-11-21 23:19:17.428563,0.5582403070002329,0.020495593547821045,0.020385801792144775,0.0753820389509201,0.0099632628262043
2024-11-21 23:19:17.431224,0.5608881230000407,0.02052295207977295,0.020385801792144775,0.050346147269010544,0.010300491005182266
2024-11-21 23:19:17.433601,0.5634602169998288,0.020507335662841797,0.020385801792144775,0.05875882878899574,0.015281286090612411
2024-11-21 23:19:17.436124,0.5658291109998572,0.02049553394317627,0.020364344120025635,0.05437302589416504,-0.003917983267456293
2024-11-21 23:19:17.438642,0.5684075760000269,0.02051784098148346,0.020386159420013428,0.047822389751672745,0.013792642392218113
2024-11-21 23:19:17.441481,0.5709785230001216,0.02050776779651642,0.0203859806060791,0.06935440003871918,-0.008585389703512192
2024-11-21 23:19:17.445052,0.5737371889999849,0.020521551370620728,0.020369410514831543,0.05796058103442192,-0.00506043154746294
2024-11-21 23:19:17.448217,0.5773410110000441,0.02051703631877899,0.02038627862930298,0.06275936216115952,0.0010957579361274838
2024-11-21 23:19:17.451614,0.5804645980001624,0.02050010859966278,0.020385801792144775,0.07234974205493927,0.0241765808314085
2024-11-21 23:19:17.458127,0.583903477000149,0.0205155611038208,0.020385801792144775,0.06135878339409828,0.017747247591614723
2024-11-21 23:19:17.464183,0.5903958710000552,0.02050754427909851,0.0203859806060791,0.07243167608976364,0.0007612137123942375
2024-11-21 23:19:17.467850,0.596534991000226,0.020508497953414917,0.020385801792144775,0.06788501888513565,0.017887279391288757
2024-11-21 23:19:17.470568,0.6001529609998215,0.020507752895355225,0.020385801792144775,0.055036019533872604,-0.008525613695383072
2024-11-21 23:19:17.473540,0.6028766459999133,0.02050010859966278,0.020385801792144775,0.04947543889284134,0.004434550181031227
2024-11-21 23:19:17.475974,0.6058185880001474,0.02050761878490448,0.020385682582855225,0.060145262628793716,0.0066253412514925
2024-11-21 23:19:17.478926,0.6082595550001315,0.02052485942840576,0.020385682582855225,0.0690729171037674,0.004479468800127506
2024-11-21 23:19:17.482210,0.6112859400000161,0.02052256464958191,0.02038651704788208,0.07992538809776306,-0.004573910962790251
2024-11-21 23:19:17.485760,0.6146104499998728,0.02050815522670746,0.020385384559631348,0.0651727095246315,-0.006423778831958771
2024-11-21 23:19:17.488372,0.6181582170002002,0.020507484674453735,0.020385324954986572,0.061884332448244095,0.0027618063613772392
2024-11-21 23:19:17.491208,0.6207527189999382,0.020500272512435913,0.02038627862930298,0.06161266192793846,0.000927899032831192
2024-11-21 23:19:17.494963,0.623438311999962,0.02050776779651642,0.020385921001434326,0.07411041110754013,-0.0020195916295051575
2024-11-21 23:19:17.497591,0.6272639270000582,0.020509377121925354,0.02038794755935669,0.06497319042682648,0.00800990592688322
2024-11-21 23:19:17.500646,0.6298613919998388,0.02049817144870758,0.020397543907165527,0.06169353052973747,-0.002683342667296529
2024-11-21 23:19:17.503339,0.6329706639999131,0.02050793170928955,0.02038717269897461,0.06198861449956894,0.0011344794183969498
2024-11-21 23:19:17.506755,0.6362647860000834,0.02050285041332245,0.02040112018585205,0.054464343935251236,-0.0005406215786933899
2024-11-21 23:19:17.509529,0.6390800439999111,0.020508289337158203,0.020388901233673096,0.04571746662259102,0.007240787148475647
2024-11-21 23:19:17.512281,0.6418035440001404,0.020507916808128357,0.020385324954986572,0.061131350696086884,0.0012769739842042327
2024-11-21 23:19:17.514742,0.6445372480002334,0.02048930525779724,0.020386815071105957,0.057579636573791504,0.011912302114069462
2024-11-21 23:19:17.517306,0.6470011780002096,0.02050812542438507,0.020385324954986572,0.06923308223485947,0.005314049776643515
2024-11-21 23:19:17.519725,0.649601420000181,0.020515277981758118,0.020385682582855225,0.0576201006770134,0.004617131780833006
2024-11-21 23:19:17.522293,0.6519579069999963,0.02051103115081787,0.0203859806060791,0.05263064429163933,0.013086343184113503
2024-11-21 23:19:17.525378,0.6545688340002016,0.02050761878490448,0.0204007625579834,0.05686511471867561,-0.006705472711473703
2024-11-21 23:19:17.528125,0.6576358480001545,0.020510047674179077,0.0203855037689209,0.06281490623950958,-0.00015990249812602997
2024-11-21 23:19:17.530952,0.6604342360001283,0.02050738036632538,0.020385682582855225,0.05766039341688156,0.015172039158642292
2024-11-21 23:19:17.535441,0.6634502699998848,0.020507797598838806,0.020385682582855225,0.05697506293654442,0.015362846665084362
2024-11-21 23:19:17.538445,0.6677910439998413,0.020504876971244812,0.020391762256622314,0.07937999814748764,-0.011547478847205639
2024-11-21 23:19:17.541406,0.6707565960000466,0.020507484674453735,0.0203855037689209,0.055371448397636414,-0.012010329402983189
2024-11-21 23:19:17.546204,0.6738752209998893,0.020507484674453735,0.020385682582855225,0.06706207990646362,-0.006818097084760666
2024-11-21 23:19:17.549161,0.6785226759998295,0.0205080509185791,0.0203855037689209,0.06880176812410355,0.02521524578332901
2024-11-21 23:19:17.552806,0.6815928380001424,0.020507872104644775,0.020385682582855225,0.05264076218008995,0.0017250312957912683
2024-11-21 23:19:17.556536,0.6851169199999276,0.020498424768447876,0.020388424396514893,0.059868037700653076,0.0031952261924743652
2024-11-21 23:19:17.559428,0.6889320720001706,0.020503118634223938,0.0203855037689209,0.055865347385406494,0.0021960213780403137
2024-11-21 23:19:17.562252,0.6917379790002087,0.02050691843032837,0.02038896083831787,0.07362422347068787,0.008069145493209362
2024-11-21 23:19:17.565800,0.6946465129999524,0.02050776779651642,0.020385801792144775,0.07126359641551971,-0.0019023842178285122
2024-11-21 23:19:17.569065,0.6981393549999666,0.020508095622062683,0.020385801792144775,0.04670979082584381,0.018318986520171165
2024-11-21 23:19:17.572280,0.7014262550001149,0.02050653100013733,0.02038562297821045,0.04295537620782852,-0.005343749187886715
2024-11-21 23:19:17.575964,0.7045639349998964,0.020519807934761047,0.020385682582855225,0.07316843420267105,-0.0019689425826072693
2024-11-21 23:19:17.578621,0.7082410879997951,0.020507529377937317,0.020397424697875977,0.0592912994325161,0.010736197233200073
2024-11-21 23:19:17.581487,0.7108789789999719,0.020512565970420837,0.020385324954986572,0.06420327723026276,0.013923507183790207
2024-11-21 23:19:17.584420,0.7140358800002105,0.02050893008708954,0.020385682582855225,0.06418314576148987,0.011460724286735058
2024-11-21 23:19:17.587725,0.7167884909999884,0.02050776779651642,0.0203893780708313,0.06308785080909729,-0.008140092715620995
2024-11-21 23:19:17.590653,0.720125353000185,0.020501509308815002,0.020385324954986572,0.06821978837251663,0.005373531952500343
2024-11-21 23:19:17.593125,0.7229327039999589,0.020508065819740295,0.020397603511810303,0.06166362389922142,0.014183919876813889
2024-11-21 23:19:17.596003,0.725500595000085,0.02049514651298523,0.020385444164276123,0.054518114775419235,0.00817003846168518
2024-11-21 23:19:17.598640,0.7282905940001001,0.02052055299282074,0.020385921001434326,0.07331908494234085,0.0014931205660104752
2024-11-21 23:19:17.602057,0.7309069480002108,0.020511075854301453,0.0203855037689209,0.06069544330239296,-0.008032768964767456
2024-11-21 23:19:17.605505,0.734343679000176,0.020512327551841736,0.020385682582855225,0.061240632086992264,0.020183134824037552
2024-11-21 23:19:17.608695,0.7383681989999786,0.02050323784351349,0.02038562297821045,0.05465153977274895,0.009232292883098125
2024-11-21 23:19:17.611609,0.7410280330000205,0.0205080509185791,0.020385682582855225,0.06799113005399704,-0.009703736752271652
2024-11-21 23:19:17.616173,0.7438696979997985,0.0205172598361969,0.020385682582855225,0.07254412025213242,0.01722758449614048
2024-11-21 23:19:17.619803,0.74860070800014,0.0205080509185791,0.02038484811782837,0.057704467326402664,0.0006163043435662985
2024-11-21 23:19:17.622618,0.7523229349999383,0.020507678389549255,0.020385682582855225,0.06608287245035172,0.0007793009281158447
2024-11-21 23:19:17.625618,0.7548880489998737,0.020507797598838806,0.020385682582855225,0.06627615541219711,0.006107375957071781
2024-11-21 23:19:17.628448,0.7578581379998468,0.02050955593585968,0.020383059978485107,0.05954182520508766,-0.011053206399083138
2024-11-21 23:19:17.630989,0.7607365250000839,0.02050738036632538,0.0203859806060791,0.06613259762525558,0.0037970743142068386
2024-11-21 23:19:17.633514,0.763245323999854,0.020494922995567322,0.020385801792144775,0.053825344890356064,0.01224454864859581
2024-11-21 23:19:17.636483,0.7658222149998437,0.02049286663532257,0.020385801792144775,0.0723075345158577,0.015359885059297085
2024-11-21 23:19:17.639051,0.768882432999817,0.020507752895355225,0.020385801792144775,0.04482594132423401,0.008368276990950108
2024-11-21 23:19:17.641612,0.7713485479998781,0.02051009237766266,0.020385682582855225,0.055896416306495667,-0.0020871004089713097
2024-11-21 23:19:17.644111,0.7738659579999876,0.02050761878490448,0.020385682582855225,0.058142613619565964,0.013864219188690186
2024-11-21 23:19:17.647041,0.7763855349999176,0.02051354944705963,0.020385682582855225,0.0630798488855362,0.0019729360938072205
2024-11-21 23:19:17.649810,0.7794254750001528,0.02050776779651642,0.020385801792144775,0.0626101940870285,0.0036840513348579407
2024-11-21 23:19:17.652889,0.7821403090001695,0.020492881536483765,0.020385801792144775,0.06754515320062637,-0.007719456218183041
2024-11-21 23:19:17.656497,0.7863480480000362,0.020502880215644836,0.020385682582855225,0.05973007157444954,0.0010183891281485558
2024-11-21 23:19:17.659221,0.7889109759998973,0.020509347319602966,0.020385682582855225,0.06242978945374489,0.004927328322082758
2024-11-21 23:19:17.661739,0.791477033999854,0.020507335662841797,0.020385682582855225,0.06960111111402512,0.020645422860980034
2024-11-21 23:19:17.664339,0.7939884450001955,0.02050796151161194,0.0203857421875,0.057440903037786484,0.005332473665475845
2024-11-21 23:19:17.667858,0.7965693729997838,0.02050785720348358,0.020385801792144775,0.05601678788661957,0.01937977224588394
2024-11-21 23:19:17.670625,0.8004080979999344,0.020507559180259705,0.020385801792144775,0.06727289408445358,-0.0064753517508506775
2024-11-21 23:19:17.673177,0.8029499529998247,0.020507752895355225,0.020385682582855225,0.04804496467113495,0.013226719573140144
2024-11-21 23:19:17.675596,0.8054887329999474,0.020507842302322388,0.020385682582855225,0.040943801403045654,0.008335155434906483
2024-11-21 23:19:17.678241,0.807821831000183,0.020507976412773132,0.020385682582855225,0.05324266105890274,0.014264872297644615
2024-11-21 23:19:17.680805,0.810485220999908,0.020507842302322388,0.0203857421875,0.05631560459733009,0.006733040325343609
2024-11-21 23:19:17.683254,0.8131307960002232,0.02050885558128357,0.020385801792144775,0.05651037395000458,0.004198163747787476
2024-11-21 23:19:17.685764,0.8155167270001584,0.020495370030403137,0.020388484001159668,0.068011574447155,0.012115530669689178
2024-11-21 23:19:17.688629,0.8180227859998013,0.020508065819740295,0.020385265350341797,0.0712028294801712,0.00177755206823349
2024-11-21 23:19:17.691095,0.8209777639999629,0.02050815522670746,0.0203855037689209,0.045714639127254486,0.006008134223520756
2024-11-21 23:19:17.694703,0.8234411190001083,0.020509004592895508,0.020378172397613525,0.05303769186139107,0.002459093928337097
2024-11-21 23:19:17.697351,0.8269990529997813,0.020513325929641724,0.0203859806060791,0.052617449313402176,0.013317535631358624
2024-11-21 23:19:17.699989,0.829780774000028,0.020507201552391052,0.020401060581207275,0.06339770555496216,0.005526366643607616
2024-11-21 23:19:17.703915,0.8322541110001112,0.02050769329071045,0.020385444164276123,0.05716555193066597,-0.002436115173622966
2024-11-21 23:19:17.706831,0.8362376129998665,0.0205075740814209,0.020383715629577637,0.056231576949357986,0.020244237035512924
2024-11-21 23:19:17.710410,0.8392081840001993,0.020509257912635803,0.020385682582855225,0.057779133319854736,-0.009268241003155708
2024-11-21 23:19:17.713641,0.8427572470000086,0.0205136239528656,0.0203859806060791,0.08087754994630814,0.0003110961988568306
2024-11-21 23:19:17.716531,0.8459443520000605,0.020512178540229797,0.02038586139678955,0.06754779815673828,-0.003985296934843063
2024-11-21 23:19:17.719278,0.848956403000102,0.020509079098701477,0.02038586139678955,0.06276928633451462,0.011141804046928883
2024-11-21 23:19:17.721954,0.8515683679997892,0.020507827401161194,0.020385801792144775,0.03922571614384651,-0.009728376753628254
2024-11-21 23:19:17.725313,0.8543515520000255,0.020507827401161194,0.020385801792144775,0.06860220432281494,0.002237575128674507
2024-11-21 23:19:17.728553,0.8575937489999887,0.020492255687713623,0.020385682582855225,0.0631575956940651,-0.0003427406772971153
2024-11-21 23:19:17.731359,0.8609700000001794,0.020512893795967102,0.020385682582855225,0.0664779543876648,0.0007553277537226677
2024-11-21 23:19:17.735863,0.8639371449999089,0.020507708191871643,0.020385801792144775,0.052894365042448044,0.002510323189198971
2024-11-21 23:19:17.739171,0.8681402170000183,0.020507797598838806,0.020385801792144775,0.05733257532119751,0.0015205848030745983
2024-11-21 23:19:17.741741,0.8714445430000524,0.020507797598838806,0.0203932523727417,0.05168183520436287,0.015174461528658867
2024-11-21 23:19:17.744259,0.874056137000025,0.020519912242889404,0.020385444164276123,0.04845956712961197,0.010672518983483315
2024-11-21 23:19:17.746800,0.8765186589998848,0.02050548791885376,0.020385682582855225,0.05545477196574211,0.03177124261856079
2024-11-21 23:19:17.749882,0.8791663460001473,0.02050796151161194,0.020385682582855225,0.053954388946294785,0.01237902045249939
2024-11-21 23:19:17.753616,0.8821662860000288,0.020507827401161194,0.020388484001159668,0.08316832780838013,0.019830644130706787
2024-11-21 23:19:17.759901,0.8877702660001887,0.020513609051704407,0.0203857421875,0.055502381175756454,0.0007155244238674641
2024-11-21 23:19:17.766843,0.8935213179997845,0.02050185203552246,0.020385682582855225,0.0650031641125679,0.016207601875066757
2024-11-21 23:19:17.770269,0.89921385200023,0.020498305559158325,0.020385682582855225,0.05712943896651268,0.012296650558710098
2024-11-21 23:19:17.774037,0.9025459919998866,0.02050812542438507,0.020386815071105957,0.04722662270069122,-0.009038941003382206
2024-11-21 23:19:17.776783,0.9063651249998657,0.020507827401161194,0.020385384559631348,0.05482527241110802,0.0007494222372770309
2024-11-21 23:19:17.779472,0.9090674770000078,0.020507827401161194,0.020386695861816406,0.06190841645002365,0.033747632056474686
2024-11-21 23:19:17.782443,0.9117679219998536,0.020507827401161194,0.0203855037689209,0.0573199987411499,0.005226494744420052
2024-11-21 23:19:17.785422,0.9149532120000003,0.020507872104644775,0.020385682582855225,0.06571277230978012,0.0058409180492162704
2024-11-21 23:19:17.788089,0.9178633030001038,0.020507827401161194,0.020385682582855225,0.06666745990514755,0.006646143272519112
2024-11-21 23:19:17.791335,0.9203303429999323,0.020500630140304565,0.020385801792144775,0.05406951159238815,-0.004820072557777166
2024-11-21 23:19:17.793718,0.9235984100000678,0.020501330494880676,0.020388126373291016,0.0629638209939003,0.0019575506448745728
2024-11-21 23:19:17.796103,0.9260070069999529,0.020506829023361206,0.020385384559631348,0.051414038985967636,-0.0008978426922112703
2024-11-21 23:19:17.799069,0.9284822509998776,0.020508229732513428,0.020385682582855225,0.05617573857307434,0.003928482998162508
2024-11-21 23:19:17.801756,0.93148711799995,0.020512446761131287,0.020387232303619385,0.07234397530555725,-0.010376401245594025
2024-11-21 23:19:17.804964,0.933999250999932,0.02050107717514038,0.0203855037689209,0.061144474893808365,0.01025044173002243
2024-11-21 23:19:17.807493,0.9373681679999208,0.020512670278549194,0.02040541172027588,0.060972344130277634,-0.0034118136391043663
2024-11-21 23:19:17.810564,0.9397350429999278,0.020522862672805786,0.020385146141052246,0.06117600202560425,0.0003222520463168621
2024-11-21 23:19:17.814140,0.94283853800016,0.02050793170928955,0.02039361000061035,0.039559464901685715,-0.0026863720268011093
2024-11-21 23:19:17.817047,0.9465184509999744,0.020505040884017944,0.02038663625717163,0.07757308334112167,-0.006650377064943314
2024-11-21 23:19:17.819521,0.9493003950001366,0.020508095622062683,0.020385384559631348,0.060592055320739746,0.011734879575669765
2024-11-21 23:19:17.822714,0.9521431339999253,0.020506873726844788,0.02038675546646118,0.059987183660268784,0.006375441327691078
2024-11-21 23:19:17.826315,0.9550209099998028,0.020520180463790894,0.020385563373565674,0.04913294315338135,0.002828165190294385
2024-11-21 23:19:17.829058,0.9586168609998822,0.020504698157310486,0.020400941371917725,0.0680704414844513,-0.0035069724544882774
2024-11-21 23:19:17.833213,0.9629576540000926,0.020504236221313477,0.0203855037689209,0.0641893818974495,-0.0010838215239346027
2024-11-21 23:19:17.835879,0.9654475649999767,0.020508259534835815,0.020385801792144775,0.05170723423361778,0.0067504579201340675
2024-11-21 23:19:17.838599,0.968143899000097,0.02050788700580597,0.0203855037689209,0.0735924020409584,-0.004557009786367416
2024-11-21 23:19:17.841135,0.9708434180001859,0.020507827401161194,0.020385682582855225,0.06761299073696136,-0.0077091665007174015
2024-11-21 23:19:17.843476,0.9734488829999464,0.020507827401161194,0.02037733793258667,0.05171762779355049,0.004715532064437866
2024-11-21 23:19:17.846142,0.9757285740001862,0.020506173372268677,0.020385324954986572,0.05781899765133858,0.013715121895074844
2024-11-21 23:19:17.848626,0.9783883340001012,0.020513981580734253,0.020386159420013428,0.04368975758552551,0.004167489241808653
2024-11-21 23:19:17.851811,0.9809475030001522,0.02050730586051941,0.020385801792144775,0.0560818612575531,0.008082611486315727
2024-11-21 23:19:17.856806,0.984196663000148,0.020503416657447815,0.020385801792144775,0.05894794687628746,0.0057548582553863525
2024-11-21 23:19:17.859845,0.989104652000151,0.020508334040641785,0.020385682582855225,0.05432138219475746,-0.00979981292039156
2024-11-21 23:19:17.863122,0.9920980739998413,0.020507901906967163,0.02038109302520752,0.07911273092031479,0.0052026803605258465
2024-11-21 23:19:17.865773,0.9953712520000408,0.020515143871307373,0.020386099815368652,0.0715814158320427,-0.00526261143386364
2024-11-21 23:19:17.868664,0.9982479169998442,0.02051946520805359,0.020385801792144775,0.05673415586352348,-0.019235190004110336
2024-11-21 23:19:17.871641,1.0012571349998325,0.02050746977329254,0.020385801792144775,0.05826112627983093,-0.01553448848426342
2024-11-21 23:19:17.874333,1.0039111179999054,0.020507752895355225,0.020385801792144775,0.04995362460613251,0.001328126061707735
2024-11-21 23:19:17.876777,1.0065658409998832,0.020500347018241882,0.020391345024108887,0.04934914410114288,-0.006491601467132568
2024-11-21 23:19:17.879312,1.0090896219999195,0.020515844225883484,0.020385384559631348,0.05409588664770126,0.014951086603105068
2024-11-21 23:19:17.881864,1.0116552539998338,0.020507633686065674,0.0203859806060791,0.05798201262950897,0.010354531928896904
2024-11-21 23:19:17.885055,1.0144278829998257,0.020507752895355225,0.0203855037689209,0.07360757887363434,-0.003326980397105217
2024-11-21 23:19:17.887742,1.0173696020001444,0.020509034395217896,0.020385682582855225,0.05967787653207779,0.017283249646425247
2024-11-21 23:19:17.890754,1.0201973230000476,0.020507752895355225,0.020385682582855225,0.05029282718896866,0.01655970886349678
2024-11-21 23:19:17.896234,1.0230761170000733,0.020507097244262695,0.0203855037689209,0.07587733119726181,0.015651805326342583
2024-11-21 23:19:17.899189,1.0287390029998278,0.020496338605880737,0.020385682582855225,0.0627225786447525,0.007036760915070772
2024-11-21 23:19:17.902028,1.0315642609998577,0.020517662167549133,0.020385682582855225,0.0753077045083046,-0.0007251030765473843
2024-11-21 23:19:17.905313,1.0344253709999975,0.02050754427909851,0.020385682582855225,0.0590694434940815,-0.0010941583896055818
2024-11-21 23:19:17.908241,1.037605124000038,0.02051001787185669,0.020385682582855225,0.06849130988121033,-0.006427191197872162
2024-11-21 23:19:17.911018,1.0405295659998046,0.020495638251304626,0.020392954349517822,0.061507560312747955,0.003940955735743046
2024-11-21 23:19:17.914914,1.0434192669999902,0.02050808072090149,0.0203855037689209,0.06998445838689804,-0.0036027217283844948
2024-11-21 23:19:17.917319,1.0471857530001216,0.020513489842414856,0.02039545774459839,0.048595283180475235,0.010675249621272087
2024-11-21 23:19:17.919891,1.0497010710000723,0.020507454872131348,0.020385444164276123,0.06676670163869858,0.021476542577147484
2024-11-21 23:19:17.922353,1.0521476310000253,0.020512282848358154,0.020385682582855225,0.07049734890460968,0.007557910867035389
2024-11-21 23:19:17.925949,1.05486846399981,0.02050645649433136,0.0203859806060791,0.05814109742641449,0.001828514039516449
2024-11-21 23:19:17.929765,1.058260270000119,0.02050657570362091,0.0203779935836792,0.06992467492818832,0.007057689595967531
2024-11-21 23:19:17.934516,1.0622014390000913,0.020507916808128357,0.020373106002807617,0.05522019416093826,-0.0023164728190749884
2024-11-21 23:19:17.936987,1.0668626530000438,0.020523369312286377,0.020386159420013428,0.05720462277531624,0.008543158881366253
2024-11-21 23:19:17.939776,1.0694655249999414,0.020507588982582092,0.020385801792144775,0.06019558385014534,0.003865043632686138
2024-11-21 23:19:17.942408,1.072033693999856,0.02050912380218506,0.020365893840789795,0.05532531067728996,0.01164324302226305
2024-11-21 23:19:17.944946,1.0746723440001915,0.020492374897003174,0.020386338233947754,0.055302880704402924,0.004198106937110424
2024-11-21 23:19:17.947362,1.0772903080001015,0.020519554615020752,0.020385384559631348,0.06931491196155548,0.009130345657467842
2024-11-21 23:19:17.949864,1.079584221999994,0.020507901906967163,0.0203859806060791,0.06458713114261627,0.004010414704680443
2024-11-21 23:19:17.952336,1.0821088729999246,0.0205095112323761,0.020385801792144775,0.05903807282447815,-0.008524744771420956
2024-11-21 23:19:17.955614,1.0846310789997915,0.020522236824035645,0.02037709951400757,0.058444857597351074,0.0019712699577212334
2024-11-21 23:19:17.958214,1.0878775169999244,0.02051842212677002,0.020386338233947754,0.05660901963710785,0.0055769337341189384
2024-11-21 23:19:17.961329,1.090515962000154,0.020510748028755188,0.020385801792144775,0.05506402626633644,0.004698083270341158
2024-11-21 23:19:17.963897,1.093702864000079,0.020501568913459778,0.020385921001434326,0.053835634142160416,-0.0017109205946326256
2024-11-21 23:19:17.966376,1.0961596820002342,0.02050679922103882,0.020385921001434326,0.05907529592514038,-0.009035900235176086
2024-11-21 23:19:17.969074,1.0988035169998511,0.020512253046035767,0.0203859806060791,0.07446949928998947,0.002210848033428192
2024-11-21 23:19:17.971796,1.1014511660000608,0.020507514476776123,0.020385801792144775,0.05633501708507538,0.0074076466262340546
2024-11-21 23:19:17.975737,1.1040363160000197,0.02050037682056427,0.020378172397613525,0.062224630266427994,0.00847266148775816
2024-11-21 23:19:17.978393,1.1080811870001526,0.020507797598838806,0.02038043737411499,0.07799756526947021,0.005558275151997805
2024-11-21 23:19:17.980971,1.1106579299998884,0.020514026284217834,0.02038472890853882,0.06814245879650116,0.014314874075353146
2024-11-21 23:19:17.983598,1.113356855999882,0.020505815744400024,0.02036905288696289,0.05736368149518967,-0.0035823192447423935
2024-11-21 23:19:17.986047,1.1158823780001512,0.02052024006843567,0.02038663625717163,0.055559225380420685,0.018632981926202774
2024-11-21 23:19:17.988615,1.1184674350001842,0.020502969622612,0.0203859806060791,0.07520115375518799,0.012616265565156937
2024-11-21 23:19:17.991451,1.1210472709999522,0.020513638854026794,0.020385801792144775,0.06601562350988388,0.022366859018802643
2024-11-21 23:19:17.994904,1.1237624559998949,0.020507395267486572,0.020385801792144775,0.05838773399591446,-0.0001567872241139412
2024-11-21 23:19:17.997605,1.1272669830000268,0.020507976412773132,0.020387649536132812,0.06233072653412819,-0.0030691996216773987
2024-11-21 23:19:18.000127,1.129891705999853,0.020507648587226868,0.0203855037689209,0.05888517573475838,0.006319357082247734
2024-11-21 23:19:18.002648,1.1323911360000238,0.020507782697677612,0.02039337158203125,0.045337628573179245,0.004099832382053137
2024-11-21 23:19:18.005150,1.134960527000203,0.02050928771495819,0.020404040813446045,0.05977398902177811,0.009907057508826256
2024-11-21 23:19:18.008362,1.1380582249998952,0.020508214831352234,0.020433485507965088,0.06867139041423798,0.00500447116792202
2024-11-21 23:19:18.010968,1.140601838999828,0.020507603883743286,0.020424485206604004,0.0657973363995552,-0.0020619751885533333
2024-11-21 23:19:18.014952,1.1432238399997914,0.020507916808128357,0.020444154739379883,0.05992346629500389,-0.0015373339410871267
2024-11-21 23:19:18.018031,1.1472567490000074,0.020515799522399902,0.02043372392654419,0.044117167592048645,0.0017390879802405834
2024-11-21 23:19:18.020693,1.1503078920000007,0.02050738036632538,0.020426571369171143,0.07282830029726028,0.013449491932988167
2024-11-21 23:19:18.023237,1.1530758550002247,0.02050773799419403,0.020430147647857666,0.05923245847225189,-0.003974586725234985
2024-11-21 23:19:18.027118,1.1554827290001413,0.020515352487564087,0.020420730113983154,0.07440865784883499,0.014264208264648914
2024-11-21 23:19:18.029618,1.1593683249998321,0.02051045000553131,0.020435452461242676,0.0697307139635086,0.008612030185759068
2024-11-21 23:19:18.032054,1.161877531999835,0.020497485995292664,0.020437657833099365,0.05113256350159645,0.0062801046296954155
2024-11-21 23:19:18.034459,1.1643495540001823,0.020498037338256836,0.020427942276000977,0.0731048583984375,0.0019161272794008255
2024-11-21 23:19:18.037730,1.1674720109999726,0.020507708191871643,0.020440518856048584,0.05392460152506828,-0.004648923873901367
2024-11-21 23:19:18.040271,1.1699794959999963,0.02051374316215515,0.020428776741027832,0.06800001114606857,0.0032272094395011663
2024-11-21 23:19:18.042698,1.1726048860000446,0.020528703927993774,0.020445644855499268,0.0513097383081913,0.00439476128667593
2024-11-21 23:19:18.045251,1.174930391000089,0.020503133535385132,0.02043449878692627,0.06415068358182907,0.0007588453590869904
2024-11-21 23:19:18.047609,1.1774846339999385,0.02050808072090149,0.020427048206329346,0.05178631842136383,-0.00022145593538880348
2024-11-21 23:19:18.050112,1.1798571949998404,0.020507872104644775,0.020429372787475586,0.051743198186159134,0.006830799393355846
2024-11-21 23:19:18.052533,1.1823334020000402,0.020510107278823853,0.020409107208251953,0.06870359182357788,-1.3511627912521362e-05
2024-11-21 23:19:18.057251,1.1860459069998797,0.02050746977329254,0.02039027214050293,0.06597163528203964,-0.002677198499441147
2024-11-21 23:19:18.060577,1.1895853589999206,0.02050699293613434,0.020417630672454834,0.06357406824827194,0.005303293466567993
2024-11-21 23:19:18.063420,1.1929380169999604,0.0205066055059433,0.020391225814819336,0.051009684801101685,0.009221982210874557
2024-11-21 23:19:18.066271,1.195728942000187,0.02050970494747162,0.020416438579559326,0.056471195071935654,-0.010082029737532139
2024-11-21 23:19:18.068923,1.1985268299999916,0.020507872104644775,0.02039361000061035,0.06432436406612396,0.0005201217718422413
2024-11-21 23:19:18.071361,1.201224979000017,0.020508095622062683,0.020389437675476074,0.07907859981060028,0.009843322448432446
2024-11-21 23:19:18.073891,1.2035943730002145,0.02050776779651642,0.020399928092956543,0.05607029050588608,0.009605413302779198
2024-11-21 23:19:18.077106,1.206132504999914,0.020507797598838806,0.020394623279571533,0.07130979746580124,-0.0186162069439888
2024-11-21 23:19:18.080051,1.209377886999846,0.020507127046585083,0.020389020442962646,0.0692766085267067,-0.0017947554588317871
2024-11-21 23:19:18.083293,1.2123411430002307,0.02050796151161194,0.020390748977661133,0.0644746646285057,-0.000747261568903923
2024-11-21 23:19:18.086117,1.2155971540000792,0.02050738036632538,0.020390987396240234,0.06052614003419876,0.008968480862677097
2024-11-21 23:19:18.089170,1.2184667450001143,0.020514070987701416,0.020385324954986572,0.06260117143392563,0.007524140179157257
2024-11-21 23:19:18.091649,1.221512814000107,0.020507439970970154,0.020385682582855225,0.051274221390485764,-0.01143395435065031
2024-11-21 23:19:18.096902,1.2245721059998687,0.020508617162704468,0.020385682582855225,0.05097779259085655,0.025072569027543068
2024-11-21 23:19:18.099753,1.2291766729999836,0.020517274737358093,0.020388484001159668,0.05351404845714569,0.005509722977876663
2024-11-21 23:19:18.102536,1.2320123200001944,0.02050773799419403,0.020382821559906006,0.04585638269782066,-0.015854381024837494
2024-11-21 23:19:18.105521,1.2348287260001598,0.020507484674453735,0.0203859806060791,0.0482625886797905,-0.0006173858419060707
2024-11-21 23:19:18.108900,1.2383489929998177,0.020508840680122375,0.020385801792144775,0.06557649374008179,-0.01069146953523159
2024-11-21 23:19:18.111476,1.2412455280000358,0.0205097496509552,0.020385801792144775,0.06146930903196335,0.011904148384928703
2024-11-21 23:19:18.114135,1.243737678999878,0.020509526133537292,0.020385682582855225,0.053822409361600876,0.01987338811159134
2024-11-21 23:19:18.117628,1.2465187900002093,0.02050386369228363,0.020385682582855225,0.05753424018621445,0.013058754615485668
2024-11-21 23:19:18.120282,1.2498836889999438,0.02050890028476715,0.020385682582855225,0.05612779036164284,0.01873847469687462
2024-11-21 23:19:18.123480,1.252549134000219,0.020509153604507446,0.020391881465911865,0.0603901743888855,-0.013200631365180016
2024-11-21 23:19:18.126393,1.2557612199998403,0.020512565970420837,0.02038407325744629,0.06710825860500336,0.00023954827338457108
2024-11-21 23:19:18.129546,1.2586517919999096,0.020508289337158203,0.0203859806060791,0.0663629099726677,0.011732731945812702
2024-11-21 23:19:18.132416,1.261951543000123,0.020492926239967346,0.020385801792144775,0.04282669723033905,0.0007608829764649272
2024-11-21 23:19:18.136290,1.2647822459998679,0.020506858825683594,0.020388245582580566,0.054337840527296066,0.014712902717292309
2024-11-21 23:19:18.139660,1.2692694990000746,0.020505234599113464,0.0204007625579834,0.05362673103809357,0.006936519406735897
2024-11-21 23:19:18.142264,1.272073943000123,0.020509615540504456,0.02038562297821045,0.0442473404109478,0.01197708398103714
2024-11-21 23:19:18.144786,1.2745962049998525,0.02051098644733429,0.020394861698150635,0.05284237489104271,-0.0023602675646543503
2024-11-21 23:19:18.147369,1.2772221509999326,0.020491808652877808,0.020385324954986572,0.045077040791511536,0.001725110225379467
2024-11-21 23:19:18.150081,1.2798893549997956,0.020508214831352234,0.020385444164276123,0.07657653838396072,-0.00032221991568803787
2024-11-21 23:19:18.152909,1.2824128580000433,0.020513907074928284,0.020385324954986572,0.06738847494125366,0.003812802489846945
2024-11-21 23:19:18.156693,1.2851961350002057,0.020506083965301514,0.020385682582855225,0.06496371328830719,-0.003683590330183506
2024-11-21 23:19:18.160430,1.2900459399997999,0.02051500976085663,0.020385801792144775,0.06795261055231094,0.003354056505486369
2024-11-21 23:19:18.163373,1.2928876969999692,0.020510271191596985,0.020391523838043213,0.06312404572963715,-0.0037363357841968536
2024-11-21 23:19:18.165846,1.295673066999825,0.02050715684890747,0.020385324954986572,0.08470930904150009,0.007618567440658808
2024-11-21 23:19:18.168663,1.2981679029999214,0.020510300993919373,0.02039402723312378,0.06615636497735977,0.008807878941297531
2024-11-21 23:19:18.171504,1.301146640999832,0.020502403378486633,0.020385324954986572,0.06671611219644547,0.0033631734549999237
2024-11-21 23:19:18.175093,1.303811104000033,0.02050793170928955,0.02038949728012085,0.06537237763404846,-0.004837970715016127
2024-11-21 23:19:18.178462,1.3074347219999254,0.02051001787185669,0.020391643047332764,0.04298998415470123,0.01033059973269701
2024-11-21 23:19:18.182276,1.3109335819999615,0.020510613918304443,0.02038431167602539,0.07077865302562714,0.013067211955785751
2024-11-21 23:19:18.184887,1.3146019209998485,0.020507439970970154,0.020385682582855225,0.0528344064950943,0.021793626248836517
2024-11-21 23:19:18.187615,1.3172446439998566,0.02050916850566864,0.020385384559631348,0.06638867408037186,0.0033144503831863403
2024-11-21 23:19:18.191027,1.319901960000152,0.0205049067735672,0.020397484302520752,0.05268028751015663,0.009745731949806213
2024-11-21 23:19:18.193586,1.3234412080000766,0.0205075740814209,0.020385324954986572,0.07039280980825424,0.0024116020649671555
2024-11-21 23:19:18.196104,1.325811084000179,0.020507395267486572,0.020385801792144775,0.061536889523267746,0.010683928616344929
2024-11-21 23:19:18.199451,1.328422733000025,0.0205085426568985,0.020409047603607178,0.059002846479415894,-0.0001159869134426117
2024-11-21 23:19:18.202482,1.3318782790001933,0.02050761878490448,0.020402967929840088,0.06362998485565186,0.005021037999540567
2024-11-21 23:19:18.205395,1.3348063500002354,0.020515769720077515,0.020398437976837158,0.04450368508696556,0.008224988356232643
2024-11-21 23:19:18.208807,1.3376876070001344,0.020494908094406128,0.020384907722473145,0.06676547229290009,0.003239888697862625
2024-11-21 23:19:18.211529,1.3411148939999293,0.020513951778411865,0.020412981510162354,0.05239273980259895,0.010029974393546581
2024-11-21 23:19:18.215349,1.3439270039998519,0.02050735056400299,0.02040642499923706,0.07482291013002396,-0.008368916809558868
2024-11-21 23:19:18.218152,1.3475946399998975,0.020515620708465576,0.020395398139953613,0.05002893507480621,0.0019364366307854652
2024-11-21 23:19:18.222430,1.3512146279999797,0.02051292359828949,0.020411252975463867,0.05263210088014603,0.001454068347811699
2024-11-21 23:19:18.224924,1.354688914000235,0.020512506365776062,0.02041018009185791,0.06179213896393776,0.00962662324309349
2024-11-21 23:19:18.228322,1.3573389700000007,0.020507246255874634,0.020386993885040283,0.06397202610969543,-0.002157264854758978
2024-11-21 23:19:18.231400,1.3606596290001107,0.020523130893707275,0.020394444465637207,0.05322788655757904,-0.005713079124689102
2024-11-21 23:19:18.234061,1.3637150320000728,0.020507365465164185,0.020385265350341797,0.062183719128370285,0.01701297238469124
2024-11-21 23:19:18.237000,1.3664771429998837,0.02050735056400299,0.020391225814819336,0.07112990319728851,0.002018716186285019
2024-11-21 23:19:18.240264,1.36937312200007,0.02050746977329254,0.020403563976287842,0.05695389583706856,-0.009492953307926655
2024-11-21 23:19:18.243002,1.3727920380001706,0.020506814122200012,0.020430445671081543,0.048159293830394745,0.01641605608165264
2024-11-21 23:19:18.245608,1.375276078999832,0.02050970494747162,0.020386815071105957,0.06261437386274338,0.003741710912436247
2024-11-21 23:19:18.248473,1.378028281999832,0.02050773799419403,0.020404934883117676,0.05378304049372673,-0.00478466646745801
2024-11-21 23:19:18.251235,1.38087066900016,0.020496979355812073,0.020392656326293945,0.07224461436271667,0.0017844575922936201
2024-11-21 23:19:18.255579,1.3834854669999004,0.020508751273155212,0.020388305187225342,0.0639457181096077,0.001810105750337243
2024-11-21 23:19:18.258539,1.387859574000231,0.020507752895355225,0.020393967628479004,0.07106249779462814,-0.0013738377019762993
2024-11-21 23:19:18.261648,1.3908207009999387,0.020509526133537292,0.02040916681289673,0.07408164441585541,0.002275752369314432
2024-11-21 23:19:18.263988,1.3939209919999485,0.020513057708740234,0.020393431186676025,0.07585055381059647,0.023283176124095917
2024-11-21 23:19:18.266642,1.39633270000013,0.0205070823431015,0.02039504051208496,0.055163491517305374,0.004708671942353249
2024-11-21 23:19:18.269094,1.3988878509999267,0.02050746977329254,0.02038508653640747,0.06276462972164154,0.021353064104914665
2024-11-21 23:19:18.271854,1.4015056479997838,0.020507678389549255,0.02039271593093872,0.045444246381521225,0.018507808446884155
2024-11-21 23:19:18.274230,1.4040877990000808,0.020507365465164185,0.020416975021362305,0.053320880979299545,0.007801504340022802
2024-11-21 23:19:18.276828,1.4065712830001758,0.020519644021987915,0.02040112018585205,0.06273393332958221,0.013873769901692867
2024-11-21 23:19:18.279185,1.4091064160002134,0.020501255989074707,0.020397663116455078,0.05092174932360649,-0.004861706867814064
2024-11-21 23:19:18.282883,1.4122190210000554,0.02050893008708954,0.020401298999786377,0.0767233818769455,-0.0009812545031309128
2024-11-21 23:19:18.286157,1.4151329080000323,0.020507752895355225,0.0204198956489563,0.06066806614398956,-0.00043785199522972107
2024-11-21 23:19:18.288610,1.4184732879998592,0.020507290959358215,0.020411133766174316,0.06934049725532532,-0.0017900390084832907
2024-11-21 23:19:18.291296,1.4210188279998874,0.020513266324996948,0.0204123854637146,0.05017832666635513,0.006526209879666567
2024-11-21 23:19:18.294961,1.4235509599998295,0.02050723135471344,0.020421326160430908,0.04030622914433479,0.0017551681958138943
2024-11-21 23:19:18.297501,1.4272398180000891,0.020505979657173157,0.020413458347320557,0.0534304603934288,0.005937057081609964
2024-11-21 23:19:18.300676,1.429756283000188,0.020508378744125366,0.02041339874267578,0.06454934924840927,-0.0075878421775996685
2024-11-21 23:19:18.303242,1.4330677940001806,0.02050766348838806,0.020412921905517578,0.06403398513793945,-0.013186228461563587
2024-11-21 23:19:18.305869,1.4355110199999217,0.020506277680397034,0.020399928092956543,0.058961886912584305,0.023522600531578064
2024-11-21 23:19:18.308850,1.4381304290000116,0.02050800621509552,0.02039921283721924,0.05451035499572754,-0.007374316919595003
2024-11-21 23:19:18.311463,1.4413142190001054,0.020492568612098694,0.020409047603607178,0.05618678405880928,0.00700664147734642
2024-11-21 23:19:18.313862,1.4437572970000474,0.020508095622062683,0.02039247751235962,0.06337380409240723,0.009020750410854816
2024-11-21 23:19:18.316452,1.4462460220001958,0.020509064197540283,0.020390629768371582,0.054559122771024704,-0.006101204082369804
2024-11-21 23:19:18.319776,1.4488135800002055,0.020507991313934326,0.02039504051208496,0.06629153341054916,-0.00701289065182209
2024-11-21 23:19:18.322840,1.4520237960000486,0.020514026284217834,0.02041006088256836,0.05925705283880234,0.01603187993168831
2024-11-21 23:19:18.325512,1.4550828279998314,0.02050343155860901,0.020394206047058105,0.057791031897068024,0.004986846819519997
2024-11-21 23:19:18.328257,1.4577492369999163,0.020510941743850708,0.02040642499923706,0.058738235384225845,0.007269282825291157
2024-11-21 23:19:18.330704,1.460499198999969,0.020507782697677612,0.020429790019989014,0.06148308515548706,0.01517217606306076
2024-11-21 23:19:18.334402,1.4629577400000926,0.020507872104644775,0.020389020442962646,0.05076654255390167,-0.0014869875740259886
2024-11-21 23:19:18.336915,1.4666669490002278,0.02050773799419403,0.020391881465911865,0.05771947279572487,0.009068668819963932
2024-11-21 23:19:18.339380,1.4691608590001124,0.02051733434200287,0.020394325256347656,0.06534432619810104,-0.0030366703867912292
2024-11-21 23:19:18.342248,1.4716309740001634,0.02050738036632538,0.020406901836395264,0.07602852582931519,0.006047136150300503
2024-11-21 23:19:18.344631,1.4745088610002313,0.02050727605819702,0.02040952444076538,0.06896783411502838,0.003469514660537243
2024-11-21 23:19:18.347521,1.4770343449999928,0.020508170127868652,0.020390868186950684,0.07433141022920609,0.002537110820412636
2024-11-21 23:19:18.352399,1.4800426560000233,0.02050308883190155,0.020407259464263916,0.049027521163225174,0.01879085600376129
2024-11-21 23:19:18.376097,1.4977563970001029,0.02052322030067444,0.020396888256072998,0.06431540846824646,0.0007496182806789875
2024-11-21 23:19:18.385782,1.5119283529998029,0.020517870783805847,0.020405173301696777,0.05692856386303902,-0.00037253089249134064
2024-11-21 23:19:18.391552,1.5187754640001003,0.020507827401161194,0.020390033721923828,0.04777982831001282,0.00426099356263876
2024-11-21 23:19:18.396646,1.5244742750001024,0.020507797598838806,0.02039158344268799,0.05595751106739044,0.019514964893460274
2024-11-21 23:19:18.403493,1.5301936969999588,0.020508021116256714,0.020411133766174316,0.07289420068264008,-0.010786591097712517
2024-11-21 23:19:18.409310,1.5366225180000583,0.020506560802459717,0.02038496732711792,0.06966166943311691,0.01102367416024208
2024-11-21 23:19:18.418249,1.5433284820001063,0.020508110523223877,0.020390689373016357,0.04373476281762123,0.011030870489776134
2024-11-21 23:19:18.424893,1.5520629749998989,0.020507410168647766,0.02040696144104004,0.07086365669965744,0.020630057901144028
2024-11-21 23:19:18.432468,1.557815211000161,0.020507797598838806,0.02041679620742798,0.06690198928117752,-0.013949021697044373
2024-11-21 23:19:18.437465,1.565306628000144,0.02050761878490448,0.020426690578460693,0.06550753861665726,0.012767825275659561
2024-11-21 23:19:18.442790,1.5702282090001063,0.020511552691459656,0.0204087495803833,0.06811907887458801,-0.01255023293197155
2024-11-21 23:19:18.447970,1.5756458949999796,0.020507603883743286,0.020423054695129395,0.05395789444446564,0.008876156993210316
2024-11-21 23:19:18.456153,1.5815721479998501,0.020501434803009033,0.020441770553588867,0.06217607110738754,-0.016540803015232086
2024-11-21 23:19:18.460667,1.5889539919999152,0.020512089133262634,0.0204046368598938,0.05762718617916107,-0.0006600227206945419
2024-11-21 23:19:18.465564,1.5937924079998993,0.020507365465164185,0.02041471004486084,0.05994867905974388,0.0073391711339354515
2024-11-21 23:19:18.470493,1.5985204730000078,0.02049770951271057,0.02040308713912964,0.05988455191254616,-0.0030492767691612244
2024-11-21 23:19:18.474146,1.603148150999914,0.02050819993019104,0.020408809185028076,0.0716007649898529,0.001879176707006991
2024-11-21 23:19:18.477006,1.6064305139998396,0.020510509610176086,0.02040940523147583,0.03988325968384743,0.015099147334694862
2024-11-21 23:19:18.479804,1.6092937899998105,0.020507723093032837,0.020402193069458008,0.052653927356004715,0.018031945452094078
2024-11-21 23:19:18.483351,1.612218621000011,0.02052949368953705,0.020414292812347412,0.06793607771396637,0.0034238556399941444
2024-11-21 23:19:18.486015,1.6155972229998952,0.020507648587226868,0.020395338535308838,0.06924933195114136,-0.0020954692736268044
2024-11-21 23:19:18.488491,1.6182609649999904,0.020510464906692505,0.020416200160980225,0.061012834310531616,0.005840458907186985
2024-11-21 23:19:18.491032,1.6208108559999346,0.02050839364528656,0.020396173000335693,0.06560555100440979,-0.009667927399277687
2024-11-21 23:19:18.495486,1.6233273399998325,0.020503297448158264,0.020395219326019287,0.055210765451192856,0.02066747285425663
2024-11-21 23:19:18.497977,1.6277623730002233,0.020507782697677612,0.020403683185577393,0.06089438125491142,0.006396415643393993
2024-11-21 23:19:18.500845,1.6302084320000176,0.020500123500823975,0.020395934581756592,0.062125492841005325,0.001787993824109435
2024-11-21 23:19:18.503255,1.6331408920000285,0.020499855279922485,0.020409345626831055,0.07100901007652283,0.01642836444079876
2024-11-21 23:19:18.505763,1.635562173999915,0.020520925521850586,0.020412981510162354,0.04806056246161461,0.016098322346806526
2024-11-21 23:19:18.508325,1.6380141039999216,0.02051176130771637,0.020418286323547363,0.05127302557229996,0.015663104131817818
2024-11-21 23:19:18.511123,1.6406078840000191,0.020505324006080627,0.0204085111618042,0.07025753706693649,-0.0035140234977006912
2024-11-21 23:19:18.513895,1.6434123270000782,0.020502150058746338,0.020394563674926758,0.06358105689287186,0.012317787855863571
2024-11-21 23:19:18.517144,1.6469574640000246,0.02050815522670746,0.02040761709213257,0.06873291730880737,-0.001912920270115137
2024-11-21 23:19:18.519892,1.6494151709998732,0.020491749048233032,0.020410358905792236,0.055427052080631256,0.004628075286746025
2024-11-21 23:19:18.522874,1.6526149800001804,0.020508378744125366,0.020420372486114502,0.04556312784552574,0.009249314665794373
2024-11-21 23:19:18.525404,1.6551352599999518,0.020509377121925354,0.020412147045135498,0.06226179376244545,0.0013376951683312654
2024-11-21 23:19:18.528295,1.6577490210001997,0.020505890250205994,0.020414531230926514,0.05796687304973602,-0.009414801374077797
2024-11-21 23:19:18.531120,1.6606288520001726,0.020498350262641907,0.02039945125579834,0.05165477097034454,-0.014050477184355259
2024-11-21 23:19:18.535296,1.6633747969999604,0.020507261157035828,0.020412564277648926,0.07051319628953934,0.016958458349108696
2024-11-21 23:19:18.537959,1.6676551639998252,0.020514503121376038,0.020394980907440186,0.06711085885763168,-0.007425490766763687
2024-11-21 23:19:18.540618,1.6701928520001275,0.020508065819740295,0.020433783531188965,0.061630211770534515,-0.014107601717114449
2024-11-21 23:19:18.543142,1.6730193690000306,0.02051551640033722,0.020403385162353516,0.05696573480963707,-0.009367497637867928
2024-11-21 23:19:18.545724,1.6754052999999658,0.02050727605819702,0.020422637462615967,0.06967092305421829,0.007329222746193409
2024-11-21 23:19:18.548515,1.6781296700000894,0.020517393946647644,0.020409226417541504,0.05224130302667618,0.0016930187121033669
2024-11-21 23:19:18.551220,1.6809222619999673,0.0205075740814209,0.02040696144104004,0.06564359366893768,-0.004565460607409477
2024-11-21 23:19:18.553644,1.6834873200000402,0.020508229732513428,0.02042156457901001,0.06630316376686096,0.0072244200855493546
2024-11-21 23:19:18.556772,1.6860760439999467,0.020495593547821045,0.020393788814544678,0.061956312507390976,0.011625789105892181
2024-11-21 23:19:18.559367,1.6891329840000253,0.020508110523223877,0.020419061183929443,0.051173336803913116,0.011306055821478367
2024-11-21 23:19:18.562016,1.6915985989999172,0.020507872104644775,0.020404934883117676,0.054552216082811356,0.0016376841813325882
2024-11-21 23:19:18.564527,1.694278820999898,0.020508110523223877,0.020400524139404297,0.05948677286505699,0.0032078269869089127
2024-11-21 23:19:18.567013,1.6969021189997875,0.020507916808128357,0.020408153533935547,0.06295409798622131,0.013364442624151707
2024-11-21 23:19:18.569890,1.6992639390000477,0.020507827401161194,0.020403027534484863,0.07476536184549332,-0.0014117462560534477
2024-11-21 23:19:18.572655,1.7021326409999347,0.020512744784355164,0.02040618658065796,0.04968852922320366,0.004058966413140297
2024-11-21 23:19:18.576655,1.7050166200001513,0.02050851285457611,0.02040618658065796,0.05573740601539612,0.014942450448870659
2024-11-21 23:19:18.579734,1.7090221580001526,0.020507678389549255,0.02042245864868164,0.05764182284474373,0.009248891845345497
2024-11-21 23:19:18.582548,1.7120569319999959,0.020509004592895508,0.02043735980987549,0.05725537985563278,-0.0017075492069125175
2024-11-21 23:19:18.585126,1.7148235610002303,0.020507290959358215,0.020411908626556396,0.08898913860321045,-0.00610360549762845
2024-11-21 23:19:18.587778,1.7173853409999538,0.02050766348838806,0.02041935920715332,0.0495123565196991,0.013926147483289242
2024-11-21 23:19:18.590826,1.7202442470002097,0.02050885558128357,0.020399272441864014,0.0782943144440651,0.011297643184661865
2024-11-21 23:19:18.594057,1.723244983999848,0.020511850714683533,0.0204201340675354,0.05175624042749405,0.003783519845455885
2024-11-21 23:19:18.598163,1.7264303659999314,0.020509466528892517,0.02041780948638916,0.045845113694667816,-0.004942590370774269
2024-11-21 23:19:18.601399,1.7305041999998139,0.020507395267486572,0.020412921905517578,0.04516356810927391,0.00018194783478975296
2024-11-21 23:19:18.605109,1.7339017280000917,0.02051226794719696,0.020412802696228027,0.0597207210958004,0.012716731987893581
2024-11-21 23:19:18.607884,1.7374144209998121,0.020505547523498535,0.02041870355606079,0.06944172084331512,0.0012432173825800419
2024-11-21 23:19:18.610518,1.7401811609997822,0.020498201251029968,0.020428359508514404,0.07001824676990509,0.0030972231179475784
2024-11-21 23:19:18.614428,1.742785663000177,0.020510181784629822,0.02040177583694458,0.06872580200433731,-0.0015269276918843389
2024-11-21 23:19:18.617776,1.746710443000211,0.02050808072090149,0.02040088176727295,0.05222120136022568,0.0022636260837316513
2024-11-21 23:19:18.620612,1.750064360000124,0.02052047848701477,0.02039802074432373,0.06135168299078941,-0.0015219971537590027
2024-11-21 23:19:18.623998,1.7533938890001082,0.020507633686065674,0.020412325859069824,0.06843359768390656,0.0007362533360719681
2024-11-21 23:19:18.626467,1.7562557209998886,0.02050405740737915,0.02041679620742798,0.06475707143545151,0.012592695653438568
2024-11-21 23:19:18.629763,1.7586954650000735,0.020515844225883484,0.020435869693756104,0.04453428462147713,-0.004589261952787638
2024-11-21 23:19:18.632358,1.7620334200000798,0.02050749957561493,0.02040332555770874,0.07173970341682434,0.02281382493674755
2024-11-21 23:19:18.634848,1.7647154209998916,0.020503073930740356,0.020420968532562256,0.057907383888959885,0.0008329926058650017
2024-11-21 23:19:18.638250,1.7670866849998674,0.020507827401161194,0.020419538021087646,0.06577158719301224,0.015735045075416565
2024-11-21 23:19:18.641070,1.7704875280001033,0.020507827401161194,0.020392417907714844,0.05169892683625221,0.0029888921417295933
2024-11-21 23:19:18.643591,1.7733363219999774,0.020520180463790894,0.020405828952789307,0.05832444503903389,-0.0038446271792054176
2024-11-21 23:19:18.645976,1.7758241770002314,0.020496085286140442,0.02040201425552368,0.06272809952497482,0.006409934721887112
2024-11-21 23:19:18.648517,1.778221996999946,0.02050912380218506,0.020398378372192383,0.06548751890659332,-0.003811807371675968
2024-11-21 23:19:18.651109,1.7809061640000436,0.020508021116256714,0.020399868488311768,0.06689954549074173,0.006500791758298874
2024-11-21 23:19:18.656063,1.7833618710001247,0.02050788700580597,0.020427286624908447,0.04192817211151123,-0.007746310904622078
2024-11-21 23:19:18.660470,1.788343803999851,0.020512431859970093,0.020395755767822266,0.06318309903144836,-0.01987011730670929
2024-11-21 23:19:18.665112,1.7937854699998752,0.02050746977329254,0.0203857421875,0.06705266982316971,-0.0033319061622023582
2024-11-21 23:19:18.667714,1.7973690329999954,0.020513296127319336,0.02039283514022827,0.06421732157468796,0.0026045870035886765
2024-11-21 23:19:18.670162,1.7999578869998913,0.020507752895355225,0.02039998769760132,0.06138385832309723,0.004971565678715706
2024-11-21 23:19:18.673264,1.8024020020002354,0.020507782697677612,0.020392775535583496,0.055447742342948914,0.0046654511243104935
2024-11-21 23:19:18.676176,1.8055504029998701,0.02050727605819702,0.02038753032684326,0.04470031335949898,0.016224557533860207
2024-11-21 23:19:18.679512,1.8085229739999704,0.0205080509185791,0.020394623279571533,0.06035751476883888,0.009990327060222626
2024-11-21 23:19:18.682517,1.8119163540000045,0.020508185029029846,0.0203859806060791,0.054401155561208725,0.012418721802532673
2024-11-21 23:19:18.685036,1.81476874100008,0.02050858736038208,0.02040255069732666,0.05655127391219139,-0.004729690030217171
2024-11-21 23:19:18.687659,1.8172874289998617,0.02050703763961792,0.02040332555770874,0.050376709550619125,0.01152129378169775
2024-11-21 23:19:18.690249,1.8199161160000585,0.02050897479057312,0.020385265350341797,0.05645081400871277,0.007775997743010521
2024-11-21 23:19:18.693724,1.8225014139998166,0.0205032080411911,0.020378708839416504,0.04850197583436966,0.005871682893484831
2024-11-21 23:19:18.696353,1.8260324960001526,0.0205041766166687,0.02038753032684326,0.06342936307191849,0.004925061482936144
2024-11-21 23:19:18.698456,1.8286000160001095,0.020507991313934326,0.020385324954986572,0.07039309293031693,0.00385122187435627
2024-11-21 23:19:18.701470,1.8306600989999424,0.020507439970970154,0.020398080348968506,0.05998162552714348,0.01099664531648159
2024-11-21 23:19:18.703737,1.8337181130000317,0.020523354411125183,0.02038520574569702,0.07603491842746735,-0.010962204076349735
2024-11-21 23:19:18.706405,1.8359870459999001,0.020505279302597046,0.020384013652801514,0.04502187296748161,0.002635057782754302
2024-11-21 23:19:18.709049,1.8386639350001133,0.02050212025642395,0.02037346363067627,0.07170110940933228,0.015624141320586205
2024-11-21 23:19:18.711757,1.8414210269997966,0.020508423447608948,0.020386040210723877,0.06469342857599258,0.0013136784546077251
2024-11-21 23:19:18.714361,1.844047547000173,0.02050982415676117,0.020385801792144775,0.044958628714084625,-0.0038701826706528664
2024-11-21 23:19:18.717050,1.8465940500000215,0.02050626277923584,0.020385801792144775,0.059051863849163055,0.009017495438456535
2024-11-21 23:19:18.719527,1.849348086000191,0.020492732524871826,0.020385563373565674,0.061203692108392715,0.01116877794265747
2024-11-21 23:19:18.724377,1.8533362359999046,0.020508021116256714,0.020397305488586426,0.06588708609342575,-0.0010976605117321014
2024-11-21 23:19:18.727008,1.8566537090000566,0.02052001655101776,0.020388007164001465,0.06163589283823967,0.008016473613679409
2024-11-21 23:19:18.730205,1.8592906550002226,0.020507514476776123,0.020386815071105957,0.05614452809095383,0.0034198840148746967
2024-11-21 23:19:18.734063,1.8625267219999841,0.020507454872131348,0.020394563674926758,0.07295424491167068,-0.018326696008443832
2024-11-21 23:19:18.736942,1.8663545780000277,0.02050580084323883,0.020398318767547607,0.0736599713563919,0.016774704679846764
2024-11-21 23:19:18.739350,1.8691969100000279,0.02050788700580597,0.02038484811782837,0.05879778414964676,0.004471783060580492
2024-11-21 23:19:18.742637,1.8716492100002142,0.020507514476776123,0.020400166511535645,0.06981879472732544,-0.003648200072348118
2024-11-21 23:19:18.745799,1.87490881299982,0.02050800621509552,0.020400822162628174,0.08424429595470428,0.012715104967355728
2024-11-21 23:19:18.748355,1.8780697150000378,0.02050018310546875,0.02040153741836548,0.06360623240470886,0.005319010000675917
2024-11-21 23:19:18.750743,1.8806275140000253,0.020523056387901306,0.0204007625579834,0.0838412418961525,0.009778065606951714
2024-11-21 23:19:18.753338,1.8830204810001305,0.020507752895355225,0.020396769046783447,0.054912421852350235,0.03305549547076225
2024-11-21 23:19:18.756007,1.8856307229998492,0.020503446459770203,0.020413577556610107,0.05901835858821869,0.008416549302637577
2024-11-21 23:19:18.758698,1.888275668999995,0.020508021116256714,0.020395636558532715,0.05071159824728966,0.001171268755570054
2024-11-21 23:19:18.762561,1.8912305180001567,0.020515158772468567,0.020388543605804443,0.06632529944181442,0.0036373483017086983
2024-11-21 23:19:18.766881,1.8952559079998537,0.02050824463367462,0.02038663625717163,0.05702470615506172,0.007677572313696146
2024-11-21 23:19:18.770072,1.8991805209998347,0.020498067140579224,0.02040684223175049,0.06827414780855179,0.011569990776479244
2024-11-21 23:19:18.779716,1.902663991999816,0.020507723093032837,0.02040231227874756,0.059856101870536804,0.001942622009664774
2024-11-21 23:19:18.786319,1.9123670640001365,0.020507454872131348,0.0203855037689209,0.05770894140005112,0.009323179721832275
2024-11-21 23:19:18.791113,1.918847901999925,0.020507782697677612,0.020385682582855225,0.06455166637897491,-0.002928498201072216
2024-11-21 23:19:18.795876,1.923778835000121,0.02050703763961792,0.020395755767822266,0.059637997299432755,-0.002042159205302596
2024-11-21 23:19:18.800978,1.92856878900011,0.020513787865638733,0.020385324954986572,0.05224723368883133,-0.002361900173127651
2024-11-21 23:19:18.806940,1.9335781089998818,0.020497649908065796,0.020387113094329834,0.06882372498512268,0.0034826011396944523
2024-11-21 23:19:18.811484,1.9394795849998445,0.02050882577896118,0.020387232303619385,0.07247717678546906,0.01526144240051508
2024-11-21 23:19:18.818424,1.9441733919998114,0.020508021116256714,0.020399272441864014,0.06501232087612152,0.0008247140794992447
2024-11-21 23:19:18.823163,1.9513726459999816,0.020507678389549255,0.020432591438293457,0.05744359642267227,0.008673536591231823
2024-11-21 23:19:18.828416,1.95571410499997,0.02052024006843567,0.020405352115631104,0.07532279938459396,-0.0003251507878303528
2024-11-21 23:19:18.834773,1.9626995100002205,0.020516827702522278,0.020405590534210205,0.05369148030877113,0.003029122017323971
2024-11-21 23:19:18.840677,1.967909551000048,0.02050735056400299,0.02040398120880127,0.06459079682826996,0.002180648734793067
2024-11-21 23:19:18.847616,1.9735650669999814,0.020507723093032837,0.020384907722473145,0.06887307018041611,0.027291517704725266
2024-11-21 23:19:18.854021,1.9805016579998664,0.020507827401161194,0.020385921001434326,0.0497884526848793,0.028755318373441696
2024-11-21 23:19:18.859041,1.9869849579999936,0.020507752895355225,0.020384907722473145,0.07291372865438461,-0.00222734734416008
2024-11-21 23:19:18.862978,1.991618858000038,0.020508095622062683,0.020385682582855225,0.07408134639263153,0.016186699271202087
2024-11-21 23:19:18.867697,1.9953247530002045,0.020506754517555237,0.020386934280395508,0.05714912340044975,0.003118358552455902
2024-11-21 23:19:18.872563,2.000316962999932,0.020507454872131348,0.020385682582855225,0.0628083273768425,0.014874252490699291
2024-11-21 23:19:18.877344,2.005164767000224,0.020523086190223694,0.02038860321044922,0.02904467284679413,-0.00021657627075910568
2024-11-21 23:19:18.882097,2.009915036000166,0.020507588982582092,0.020386099815368652,0.05813669040799141,0.011148429475724697
2024-11-21 23:19:18.887174,2.0147593589999815,0.020486310124397278,0.02038520574569702,0.06638018041849136,0.0012852055951952934
2024-11-21 23:19:18.890936,2.019829863999803,0.020498573780059814,0.0203855037689209,0.06416327506303787,0.002813788130879402
2024-11-21 23:19:18.895737,2.023441296999863,0.020510628819465637,0.02040266990661621,0.057871151715517044,0.005379604175686836
2024-11-21 23:19:18.899295,2.0280770670001402,0.020508185029029846,0.0203855037689209,0.06041372939944267,-0.002842940390110016
2024-11-21 23:19:18.902663,2.0316310190000877,0.020499691367149353,0.0203973650932312,0.05788007006049156,0.00747432978823781
2024-11-21 23:19:18.905577,2.0349507699997957,0.020492583513259888,0.02039504051208496,0.04996873065829277,0.014653201214969158
2024-11-21 23:19:18.909019,2.037909267000032,0.02050808072090149,0.020396769046783447,0.04993457347154617,0.0293990820646286
2024-11-21 23:19:18.912078,2.0414166639998257,0.02051645517349243,0.020402491092681885,0.06842384487390518,0.01766706444323063
2024-11-21 23:19:18.914524,2.0443527349998476,0.020502090454101562,0.02039092779159546,0.08011414855718613,0.004031473770737648
2024-11-21 23:19:18.917115,2.046784998000021,0.02051280438899994,0.020391106605529785,0.0591716505587101,-0.001748488750308752
2024-11-21 23:19:18.919553,2.0493607039998096,0.020504236221313477,0.020400404930114746,0.05796147137880325,-0.0004951814189553261
2024-11-21 23:19:18.922105,2.051834837000115,0.02050827443599701,0.02041339874267578,0.052136484533548355,0.009822024032473564
2024-11-21 23:19:18.924810,2.054336673999842,0.020507648587226868,0.02039647102355957,0.06724349409341812,-0.001451302319765091
2024-11-21 23:19:18.928206,2.0570808399997986,0.020507797598838806,0.020394444465637207,0.06201012060046196,0.005511267576366663
