Global Time,Time,Motor 0 Position,Motor 1 Poqsition,Motor 0 Torque,Motor 1 Torque,Force
2024-11-23 14:06:33.617693,0.01769112399961159,0.3935549259185791,0.38815510272979736,-0.008266553282737732,0.005114968866109848,idle
2024-11-23 14:06:33.628698,0.029561084999841114,0.3935546278953552,0.38815444707870483,0.003376724198460579,0.014252959750592709,extension
2024-11-23 14:06:33.637271,0.03785168699960195,0.3935544490814209,0.38816720247268677,-1.4227511882781982,-1.4831101894378662,extension
2024-11-23 14:06:33.646725,0.04744197699983488,0.388871967792511,0.3801751136779785,-1.751603603363037,-1.6021034717559814,extension
2024-11-23 14:06:33.654148,0.05619723800009524,0.37300437688827515,0.36295264959335327,-1.7920482158660889,-1.6108046770095825,extension
2024-11-23 14:06:33.661733,0.06359696199979226,0.35455086827278137,0.34369826316833496,-1.7417839765548706,-1.581371784210205,extension
2024-11-23 14:06:33.668895,0.07067079700027534,0.33411017060279846,0.32319292426109314,-1.8879749774932861,-1.6307247877120972,extension
2024-11-23 14:06:33.676186,0.0779972660002386,0.31537574529647827,0.30428165197372437,-1.8197009563446045,-1.6267224550247192,extension
2024-11-23 14:06:33.683485,0.08544580299985682,0.2970636785030365,0.2860839068889618,-1.7184948921203613,-1.6010066270828247,extension
2024-11-23 14:06:33.690946,0.0926961469995149,0.2778315246105194,0.26586970686912537,-1.8502559661865234,-1.631974697113037,extension
2024-11-23 14:06:33.697903,0.0999297509997632,0.260328084230423,0.24939805269241333,-1.8224421739578247,-1.6345287561416626,extension
2024-11-23 14:06:33.705463,0.1075023550001788,0.24466192722320557,0.23257464170455933,-1.758155345916748,-1.6452364921569824,extension
2024-11-23 14:06:33.713047,0.11446597299982386,0.22826135158538818,0.216930091381073,-1.7315056324005127,-1.6484893560409546,extension
2024-11-23 14:06:33.720595,0.12211516600018513,0.21096870303153992,0.19949603080749512,-1.4803435802459717,-1.4773154258728027,extension
2024-11-23 14:06:33.728324,0.12975352499961446,0.19578319787979126,0.18423670530319214,-1.2474473714828491,-1.1455408334732056,extension
2024-11-23 14:06:33.737283,0.13884806399983063,0.17934313416481018,0.16730010509490967,-1.223460078239441,-1.1393022537231445,extension
2024-11-23 14:06:33.744954,0.14649979299974802,0.16285955905914307,0.15026968717575073,-1.0089218616485596,-0.8774484395980835,extension
2024-11-23 14:06:33.753443,0.15481920799993532,0.14721205830574036,0.13509023189544678,-0.6667340993881226,-0.5308163166046143,extension
2024-11-23 14:06:33.761435,0.16334213000027376,0.12944525480270386,0.11736291646957397,-0.6824589371681213,-0.5849178433418274,extension
2024-11-23 14:06:33.769457,0.17118934900008753,0.11472734808921814,0.10223424434661865,-0.19607223570346832,-0.1048235297203064,extension
2024-11-23 14:06:33.778470,0.18010706400036725,0.09829926490783691,0.08543789386749268,-0.2761472165584564,-0.14248421788215637,extension
2024-11-23 14:06:33.786756,0.18777331099954608,0.07879042625427246,0.06729215383529663,-0.06617415696382523,0.006858671084046364,extension
2024-11-23 14:06:33.796017,0.19756038600007741,0.06048715114593506,0.04917627573013306,0.25263673067092896,0.45499861240386963,flight
2024-11-23 14:06:33.811810,0.21409005500026979,0.03967602550983429,0.028576672077178955,0.01167350634932518,0.02892114780843258,flight
2024-11-23 14:06:33.823109,0.22341932200015435,-0.003149375319480896,-0.009452760219573975,0.13904456794261932,0.4394631087779999,flight
2024-11-23 14:06:33.831259,0.2328911180002251,0.010434001684188843,0.008916199207305908,1.783068060874939,1.6375752687454224,flight
2024-11-23 14:06:33.839054,0.240485295000326,0.04111647605895996,0.04074358940124512,0.15525825321674347,-0.08281184732913971,flight
2024-11-23 14:06:33.847730,0.25007980699956533,0.07283790409564972,0.07388687133789062,-1.724980115890503,-1.5296969413757324,flight
2024-11-23 14:06:33.857012,0.2582847089997813,0.09183885157108307,0.09195947647094727,-1.6820703744888306,-1.542039155960083,flight
2024-11-23 14:06:33.864688,0.26676141200005077,0.09332332015037537,0.09082591533660889,-0.9119264483451843,-0.932462751865387,flight
2024-11-23 14:06:33.872695,0.2744576019995293,0.08809737861156464,0.076107919216156,-0.1444249302148819,-0.012438492849469185,flight
2024-11-23 14:06:33.880323,0.28228978399965854,0.07036039233207703,0.05713200569152832,0.06525740027427673,0.7047014832496643,flight
2024-11-23 14:06:33.888136,0.290107337000336,0.05353361368179321,0.04182785749435425,1.0233057737350464,1.0897554159164429,flight
2024-11-23 14:06:33.896411,0.2980742339996141,0.04478535056114197,0.034799039363861084,0.9069241881370544,0.8057811856269836,flight
2024-11-23 14:06:33.904234,0.3061345340001935,0.0444304496049881,0.041870951652526855,0.37141644954681396,0.33691906929016113,flight
2024-11-23 14:06:33.913581,0.3150387129999217,0.05226203799247742,0.05462557077407837,0.011813368648290634,-0.32001030445098877,flight
2024-11-23 14:06:33.923358,0.3247273859997222,0.06554600596427917,0.0681256651878357,-0.39507773518562317,-0.6895124316215515,flight
2024-11-23 14:06:33.934152,0.33499821300029,0.07304422557353973,0.07321304082870483,-0.6919323801994324,-0.6727721095085144,flight
2024-11-23 14:06:33.946844,0.34851399099989067,0.07293654978275299,0.06323248147964478,-0.3681023418903351,-0.26404982805252075,flight
2024-11-23 14:06:33.959853,0.3591679450000811,0.0678429901599884,0.06706207990646362,-0.06748270988464355,0.20687007904052734,flight
2024-11-23 14:06:33.970427,0.3715289900001153,0.08762699365615845,0.09012824296951294,0.01102560106664896,-0.141840398311615,flight
2024-11-23 14:06:33.979281,0.3803875789999438,0.10437735915184021,0.10804075002670288,-0.7895232439041138,-1.1938800811767578,flight
2024-11-23 14:06:33.988634,0.3901260270004059,0.11229658126831055,0.11480551958084106,-0.9396290183067322,-1.0463175773620605,flight
2024-11-23 14:06:33.998689,0.4000855929998579,0.11821767687797546,0.12258559465408325,-0.482225239276886,-0.4574283957481384,flight
2024-11-23 14:06:34.007640,0.40920481600005587,0.1297185719013214,0.1342252492904663,-0.4357004165649414,-0.5312919616699219,flight
2024-11-23 14:06:34.017043,0.4187574229999882,0.14068076014518738,0.1455172896385193,-0.7951515913009644,-0.8223558664321899,flight
2024-11-23 14:06:34.024705,0.42626562399982504,0.1522771716117859,0.15670740604400635,-0.7563251852989197,-0.7827630639076233,flight
2024-11-23 14:06:34.035709,0.4368628029997126,0.16224277019500732,0.16702061891555786,-0.90666264295578,-0.897419810295105,flight
2024-11-23 14:06:34.043984,0.44563160100005916,0.17566299438476562,0.1797558069229126,-0.6141219139099121,-0.6528217792510986,flight
2024-11-23 14:06:34.052432,0.4537460279998413,0.18696022033691406,0.19181859493255615,-1.021553874015808,-1.0002120733261108,compression
2024-11-23 14:06:34.061035,0.4622213789998568,0.19743990898132324,0.20288556814193726,-0.030786406248807907,-0.030025310814380646,compression
2024-11-23 14:06:34.069236,0.4707714859996486,0.2105850875377655,0.21737295389175415,-0.037065912038087845,-0.06675046682357788,compression
2024-11-23 14:06:34.077629,0.4794969160002438,0.2237078845500946,0.2306526154279709,-0.24274151027202606,-0.24302460253238678,compression
2024-11-23 14:06:34.085414,0.4873527270001432,0.23788154125213623,0.24424342811107635,-0.22292982041835785,-0.2313021421432495,compression
2024-11-23 14:06:34.094067,0.49602202999994915,0.2540551424026489,0.2612273097038269,-0.27147722244262695,-0.23809851706027985,compression
2024-11-23 14:06:34.102546,0.5040637940001034,0.27253228425979614,0.28129494190216064,-0.2860672175884247,-0.30010414123535156,compression
2024-11-23 14:06:34.110622,0.5124543539996012,0.29491961002349854,0.3032885193824768,-0.3647805154323578,-0.37671688199043274,compression
2024-11-23 14:06:34.118917,0.520775083999979,0.31972476840019226,0.3290761411190033,-0.4218720495700836,-0.4115409255027771,compression
2024-11-23 14:06:34.127138,0.5288183659995411,0.34844252467155457,0.35990917682647705,-0.4862334728240967,-0.5360221266746521,compression
2024-11-23 14:06:34.137492,0.5372955689999799,0.3846166133880615,0.3929530084133148,-0.2997026741504669,-0.2627081274986267,extension
2024-11-23 14:06:34.149522,0.5489380620001612,0.39615899324417114,0.39128273725509644,-1.7233637571334839,-1.484534740447998,extension
2024-11-23 14:06:34.163077,0.5644247520003773,0.364876389503479,0.3589729070663452,-1.740513563156128,-1.7118711471557617,extension
2024-11-23 14:06:34.172513,0.5737763520000954,0.3200409412384033,0.3210136592388153,-1.7591884136199951,-1.6426109075546265,extension
2024-11-23 14:06:34.182669,0.5842013550000047,0.29691532254219055,0.2942282259464264,-1.3705008029937744,-1.6360682249069214,extension
2024-11-23 14:06:34.197215,0.5927480179998383,0.27356505393981934,0.26525598764419556,-1.777931809425354,-1.6525648832321167,extension
2024-11-23 14:06:34.213344,0.6155445300000792,0.23941698670387268,0.22414007782936096,-1.7281055450439453,-1.631239652633667,extension
2024-11-23 14:06:34.220089,0.6221133190001638,0.2040548324584961,0.19936752319335938,-1.6703890562057495,-1.3136823177337646,extension
2024-11-23 14:06:34.226531,0.6288743380000597,0.1915033459663391,0.18569153547286987,-0.28781837224960327,-0.43456852436065674,extension
2024-11-23 14:06:34.232661,0.6348364750001565,0.18134275078773499,0.17275983095169067,-0.6930102705955505,-1.147050380706787,extension
2024-11-23 14:06:34.239291,0.6413161760001458,0.168150395154953,0.16066515445709229,-1.2115648984909058,-0.9039549231529236,extension
2024-11-23 14:06:34.245772,0.6478797059999124,0.15383362770080566,0.14916926622390747,-0.8271782994270325,-0.8655474185943604,extension
2024-11-23 14:06:34.252435,0.6544973809996009,0.14168429374694824,0.13653630018234253,-0.5683702230453491,-0.7981742024421692,extension
2024-11-23 14:06:34.258861,0.6610019139998258,0.1302289068698883,0.12427419424057007,-0.6332740187644958,-0.5437861680984497,extension
2024-11-23 14:06:34.267904,0.6697358989995337,0.11927816271781921,0.11063849925994873,-0.5127519369125366,-0.36319562792778015,extension
2024-11-23 14:06:34.275587,0.6772093239997048,0.10393592715263367,0.09512168169021606,-0.6459181904792786,-0.38973721861839294,extension
2024-11-23 14:06:34.282899,0.6847172649995628,0.08768820762634277,0.08010339736938477,-0.04236413165926933,-0.004114587791264057,extension
2024-11-23 14:06:34.290374,0.6923193679995165,0.07439322769641876,0.06748712062835693,0.05242588371038437,0.11897695064544678,extension
2024-11-23 14:06:34.297712,0.6994628290003675,0.05951736867427826,0.053602516651153564,0.16623041033744812,0.18490368127822876,flight
2024-11-23 14:06:34.307185,0.7091890929996225,0.04567110538482666,0.03868335485458374,0.17222173511981964,0.16103340685367584,flight
2024-11-23 14:06:34.314565,0.716445252000085,0.026644542813301086,0.01882648468017578,0.6857383251190186,0.7693089842796326,flight
2024-11-23 14:06:34.323359,0.7246423039996444,0.013117089867591858,0.006263554096221924,1.1600555181503296,1.206433892250061,flight
2024-11-23 14:06:34.330156,0.732122931000049,0.010418757796287537,0.009568989276885986,0.5647767782211304,0.5310547947883606,flight
2024-11-23 14:06:34.338229,0.7400413320001462,0.018228426575660706,0.025600850582122803,0.1287120133638382,-0.05297277122735977,flight
2024-11-23 14:06:34.347851,0.7485949009997057,0.03683064877986908,0.04397618770599365,-0.19854727387428284,-0.9767908453941345,flight
2024-11-23 14:06:34.356836,0.7574396019999767,0.0538114458322525,0.057520925998687744,-0.9044811725616455,-0.8474633097648621,flight
2024-11-23 14:06:34.365888,0.7677106330002061,0.05612090229988098,0.055954575538635254,-0.8850448131561279,-0.6811974048614502,flight
2024-11-23 14:06:34.376333,0.7784578410000904,0.04976765811443329,0.03924936056137085,-0.14072546362876892,0.004324110224843025,flight
2024-11-23 14:06:34.384786,0.7863063009999678,0.02837708592414856,0.01961129903793335,0.043202273547649384,0.7561671137809753,flight
2024-11-23 14:06:34.392834,0.7941408910000973,0.010721385478973389,0.003315865993499756,1.0990334749221802,1.0479352474212646,flight
2024-11-23 14:06:34.400517,0.8029427989995384,0.008148536086082458,0.002786099910736084,0.9050696492195129,0.8674056529998779,flight
2024-11-23 14:06:34.408527,0.8101885129999573,0.015351071953773499,0.017961621284484863,0.12143529206514359,0.024634631350636482,flight
2024-11-23 14:06:34.416361,0.8183041439997396,0.03527040779590607,0.040909409523010254,-0.21571677923202515,-0.8013991117477417,flight
2024-11-23 14:06:34.424336,0.825999722999768,0.05053669214248657,0.055077314376831055,-1.236204743385315,-1.3117880821228027,flight
2024-11-23 14:06:34.432158,0.8340781879996939,0.05552579462528229,0.0570945143699646,-0.8122926354408264,-0.7827609777450562,flight
2024-11-23 14:06:34.441045,0.842833728000187,0.055364519357681274,0.05545830726623535,-0.27937155961990356,-0.20899350941181183,flight
2024-11-23 14:06:34.449161,0.8509651719996327,0.06711071729660034,0.06933695077896118,-0.019037507474422455,-0.007602248340845108,flight
2024-11-23 14:06:34.457636,0.8595619790003184,0.07591836154460907,0.0790022611618042,-0.7178559303283691,-0.8296329379081726,flight
2024-11-23 14:06:34.466498,0.8681978590002473,0.081096351146698,0.0862928032875061,-0.603548526763916,-0.578798770904541,flight
2024-11-23 14:06:34.479819,0.8812194239999371,0.09051468968391418,0.09787642955780029,-0.32795408368110657,-0.4984676241874695,flight
2024-11-23 14:06:34.490346,0.8915226569997685,0.10514290630817413,0.10983031988143921,-0.4719317853450775,-0.5304816365242004,flight
2024-11-23 14:06:34.499553,0.9010611909998261,0.1164003312587738,0.12093031406402588,-0.8155134320259094,-0.6995993852615356,flight
2024-11-23 14:06:34.508488,0.9098323589996653,0.12489911913871765,0.13033515214920044,-0.6818573474884033,-0.7447112202644348,flight
2024-11-23 14:06:34.517568,0.9188982519999627,0.1343154013156891,0.1400841474533081,-0.5975401401519775,-0.6677857041358948,flight
2024-11-23 14:06:34.525833,0.9275071330002902,0.14340049028396606,0.14981192350387573,-0.6787983775138855,-0.6821134686470032,flight
2024-11-23 14:06:34.535619,0.936774701000104,0.15296360850334167,0.15977519750595093,-0.7291576266288757,-0.7494032979011536,flight
2024-11-23 14:06:34.544495,0.9469309969999813,0.16474103927612305,0.17105168104171753,-0.644730269908905,-0.7168902158737183,flight
2024-11-23 14:06:34.557523,0.9577685149997706,0.17368146777153015,0.17975258827209473,-0.881118655204773,-0.8229495882987976,compression
2024-11-23 14:06:34.573073,0.9736512760000551,0.18974488973617554,0.19790714979171753,0.08078135550022125,0.11100688576698303,compression
2024-11-23 14:06:34.582609,0.9832165859997986,0.20954614877700806,0.2186291217803955,-0.01576588675379753,-0.02085345797240734,compression
2024-11-23 14:06:34.591359,0.992721141000402,0.22508364915847778,0.2345706969499588,-0.26857489347457886,-0.3032098114490509,compression
2024-11-23 14:06:34.601124,1.003570695000235,0.24134433269500732,0.25043758749961853,-0.2185727208852768,-0.26596584916114807,compression
2024-11-23 14:06:34.612188,1.0136931050001294,0.2591354548931122,0.2690161168575287,-0.23243162035942078,-0.24138088524341583,compression
2024-11-23 14:06:34.622402,1.023386371000015,0.2838105857372284,0.29398244619369507,-0.26766976714134216,-0.28882896900177,compression
2024-11-23 14:06:34.631008,1.0329553470000974,0.31546750664711,0.32601889967918396,-0.39007988572120667,-0.3965335488319397,compression
2024-11-23 14:06:34.639870,1.0413620359995548,0.3431239426136017,0.3571862578392029,-0.6521050930023193,-0.6390795707702637,compression
2024-11-23 14:06:34.649691,1.0499650470001143,0.3794989585876465,0.3930680751800537,-0.4079136550426483,-0.16261564195156097,extension
2024-11-23 14:06:34.659834,1.0603816060001918,0.3971232771873474,0.39135468006134033,-1.7242448329925537,-1.5283126831054688,extension
2024-11-23 14:06:34.668534,1.070630139000059,0.37313753366470337,0.36915090680122375,-1.6392102241516113,-1.6552790403366089,extension
2024-11-23 14:06:34.677149,1.0788227269995332,0.34266024827957153,0.34352073073387146,-1.7717422246932983,-1.5639547109603882,extension
2024-11-23 14:06:34.685835,1.087661818000015,0.31701791286468506,0.3188660740852356,-1.8583391904830933,-1.6351208686828613,extension
2024-11-23 14:06:34.695166,1.096590477999598,0.2961830794811249,0.29403966665267944,-1.8298909664154053,-1.617053508758545,extension
2024-11-23 14:06:34.706949,1.1081850840000698,0.27206453680992126,0.265724778175354,-1.8075766563415527,-1.6747009754180908,extension
2024-11-23 14:06:34.721177,1.1224231759997565,0.2441413700580597,0.2389729619026184,-1.7458343505859375,-1.6224615573883057,extension
2024-11-23 14:06:34.730745,1.1321753649999664,0.21188348531723022,0.20915347337722778,-1.7969810962677002,-1.6337460279464722,extension
2024-11-23 14:06:34.740571,1.1418489649995536,0.19428399205207825,0.18804609775543213,-0.7224518656730652,-0.8377581834793091,extension
2024-11-23 14:06:34.750921,1.1521884739995585,0.17632371187210083,0.16864639520645142,-1.3378181457519531,-1.1187288761138916,extension
2024-11-23 14:06:34.761475,1.1625012799995602,0.15449285507202148,0.14915621280670166,-1.0276437997817993,-0.9682426452636719,extension
2024-11-23 14:06:34.772984,1.1738490110001294,0.13367703557014465,0.12868517637252808,-0.63298100233078,-0.7170063257217407,extension
2024-11-23 14:06:34.783849,1.1850728600002185,0.11375606060028076,0.10594922304153442,-0.46822798252105713,-0.5142287611961365,extension
2024-11-23 14:06:34.794276,1.1954710509999131,0.09224461019039154,0.08396255970001221,-0.20769409835338593,-0.08079658448696136,extension
2024-11-23 14:06:34.803282,1.2046650299998873,0.06964132189750671,0.06364506483078003,0.020259959623217583,0.07254160940647125,flight
2024-11-23 14:06:34.812125,1.2135428029996547,0.05060042440891266,0.04496687650680542,0.0883912444114685,0.13031090795993805,flight
2024-11-23 14:06:34.821315,1.2229634730001635,0.030821338295936584,0.023241877555847168,1.014233112335205,0.9775837659835815,flight
2024-11-23 14:06:34.830225,1.2314433800002007,0.015422224998474121,0.008349239826202393,0.9035355448722839,1.0254350900650024,flight
2024-11-23 14:06:34.840796,1.2417709069995908,0.014082193374633789,0.014473259449005127,0.7405986189842224,0.652689516544342,flight
2024-11-23 14:06:34.853788,1.2555552269996042,0.035268351435661316,0.04416137933731079,0.027002453804016113,-0.24060675501823425,flight
2024-11-23 14:06:34.863573,1.26510276099998,0.07009294629096985,0.07842457294464111,-0.714065670967102,-1.0792908668518066,flight
2024-11-23 14:06:34.872307,1.2735997780000616,0.0876862108707428,0.09196943044662476,-1.7386685609817505,-1.5892287492752075,flight
2024-11-23 14:06:34.880769,1.2824496639996141,0.08999496698379517,0.0901908278465271,-0.8469429612159729,-0.7474875450134277,flight
2024-11-23 14:06:34.889426,1.2912155550002353,0.08403405547142029,0.07541424036026001,-0.15042506158351898,0.0030980324372649193,flight
2024-11-23 14:06:34.897712,1.2994962310003757,0.0655776858329773,0.055773377418518066,0.05956290662288666,0.6497655510902405,flight
2024-11-23 14:06:34.906432,1.3080066359998455,0.04826292395591736,0.03943037986755371,1.0243905782699585,0.9858715534210205,flight
2024-11-23 14:06:34.914644,1.3167364740002085,0.04134945571422577,0.033661842346191406,0.8127537369728088,0.7682339549064636,flight
2024-11-23 14:06:34.923546,1.3249533019998125,0.04155939817428589,0.042541682720184326,0.3184126019477844,0.2911975383758545,flight
2024-11-23 14:06:34.933439,1.3346925659998305,0.05401381850242615,0.05830979347229004,0.009730681777000427,-0.4785766899585724,flight
2024-11-23 14:06:34.944605,1.3454355889998624,0.06853735446929932,0.07311594486236572,-0.6018664836883545,-0.7927431464195251,flight
2024-11-23 14:06:34.958193,1.3590555110004061,0.07610547542572021,0.07664954662322998,-0.6793445348739624,-0.6554527282714844,flight
2024-11-23 14:06:34.968885,1.3693903160001355,0.07332196831703186,0.06281042098999023,-0.284803569316864,-0.11707013845443726,flight
2024-11-23 14:06:34.980870,1.3821583210001336,0.07292136549949646,0.07268369197845459,0.01568862423300743,0.4823259711265564,flight
2024-11-23 14:06:34.990563,1.3920502990004024,0.0900818258523941,0.09249436855316162,-0.014943634159862995,-0.32367846369743347,flight
2024-11-23 14:06:35.002525,1.403639627999837,0.10703636705875397,0.10869824886322021,-0.9307502508163452,-1.1034127473831177,flight
2024-11-23 14:06:35.013695,1.4135086249998494,0.1144266426563263,0.113758385181427,-0.896283745765686,-0.9835581183433533,flight
2024-11-23 14:06:35.023801,1.4251125099999626,0.12498143315315247,0.1263037919998169,-0.4186463952064514,-0.29054707288742065,flight
2024-11-23 14:06:35.033352,1.4346478409997871,0.13696962594985962,0.13806849718093872,-0.6884029507637024,-0.7868890762329102,flight
2024-11-23 14:06:35.041981,1.4431915590002973,0.1483859121799469,0.14953815937042236,-0.7547123432159424,-0.761168360710144,flight
2024-11-23 14:06:35.051049,1.4531571260004057,0.1600344479084015,0.16107016801834106,-0.8464054465293884,-0.8373174667358398,flight
2024-11-23 14:06:35.058597,1.4608154110001124,0.17148852348327637,0.17186421155929565,-0.816070556640625,-0.8246545195579529,compression
2024-11-23 14:06:35.068007,1.4696140790001664,0.1815934181213379,0.1827477216720581,0.0120201725512743,0.009857814759016037,compression
2024-11-23 14:06:35.076775,1.4777919099997234,0.19280871748924255,0.19416463375091553,-0.0011137910187244415,-0.020153740420937538,compression
2024-11-23 14:06:35.085784,1.4869976660002067,0.20723626017570496,0.21056324243545532,-0.1865565925836563,-0.14891885221004486,compression
2024-11-23 14:06:35.093725,1.4961813680001796,0.2222135066986084,0.22523728013038635,-0.21062442660331726,-0.24976004660129547,compression
2024-11-23 14:06:35.102634,1.504032253999867,0.23688605427742004,0.23902136087417603,-0.28155437111854553,-0.26248064637184143,compression
2024-11-23 14:06:35.111392,1.5132322330000534,0.25656959414482117,0.2588564455509186,-0.20071549713611603,-0.22609707713127136,compression
2024-11-23 14:06:35.118446,1.520546202999867,0.2756457030773163,0.27789217233657837,-0.3396061360836029,-0.3502539098262787,compression
2024-11-23 14:06:35.129571,1.5313927219995094,0.2956588566303253,0.29834869503974915,-0.4173087477684021,-0.4231800436973572,compression
2024-11-23 14:06:35.136571,1.5385419980002553,0.3298901915550232,0.3333679139614105,-0.2733232378959656,-0.3001331388950348,compression
2024-11-23 14:06:35.144140,1.5457319380002446,0.3592492938041687,0.36380535364151,-0.8118708729743958,-0.8567627668380737,compression
2024-11-23 14:06:35.164999,1.5637131969997426,0.3943983316421509,0.3937463164329529,0.21294933557510376,-0.26172858476638794,extension
2024-11-23 14:06:35.179408,1.5799290699997073,0.3813299536705017,0.36986568570137024,-1.8726248741149902,-1.58016037940979,extension
2024-11-23 14:06:35.186688,1.5887158309997176,0.33822235465049744,0.3331409990787506,-1.7739039659500122,-1.5655063390731812,extension
2024-11-23 14:06:35.194321,1.5962471040002129,0.3205839991569519,0.3147379755973816,-1.081426978111267,-1.5539331436157227,extension
2024-11-23 14:06:35.201717,1.6035049299998718,0.30402329564094543,0.2960675358772278,-1.79776930809021,-1.671791672706604,extension
2024-11-23 14:06:35.209565,1.6114928639999562,0.2857188582420349,0.27690139412879944,-1.9117403030395508,-1.5875850915908813,extension
2024-11-23 14:06:35.217000,1.618586698999934,0.26789504289627075,0.2589457929134369,-1.832663655281067,-1.6167137622833252,extension
2024-11-23 14:06:35.224345,1.62627118599994,0.25186407566070557,0.2432834506034851,-1.7988231182098389,-1.6275014877319336,extension
2024-11-23 14:06:35.231606,1.632911083000181,0.23672807216644287,0.2288195788860321,-1.8258239030838013,-1.5960912704467773,extension
2024-11-23 14:06:35.238100,1.640109226000277,0.22066402435302734,0.2125563621520996,-1.7116730213165283,-1.6117867231369019,extension
2024-11-23 14:06:35.244663,1.6466048709999086,0.2076466977596283,0.19866949319839478,-1.2257722616195679,-1.1559748649597168,extension
2024-11-23 14:06:35.253940,1.6560394489997634,0.19616010785102844,0.1854039430618286,-1.3746354579925537,-1.268495798110962,extension
2024-11-23 14:06:35.261475,1.663287329999548,0.17886057496070862,0.1682058572769165,-1.5502430200576782,-1.440577745437622,extension
2024-11-23 14:06:35.268066,1.6701434560000052,0.16473370790481567,0.15500414371490479,-0.8648006319999695,-0.6951878070831299,extension
2024-11-23 14:06:35.274823,1.6771416849996967,0.1505241096019745,0.14099925756454468,-0.7728022336959839,-0.7495036125183105,extension
2024-11-23 14:06:35.281801,1.683909278000101,0.13820886611938477,0.12916111946105957,-0.559745728969574,-0.5323697924613953,extension
2024-11-23 14:06:35.288527,1.6905773389999013,0.1262671947479248,0.11694258451461792,-0.6254683136940002,-0.5612278580665588,extension
2024-11-23 14:06:35.295750,1.6976221770000848,0.114382803440094,0.10371440649032593,-0.39576733112335205,-0.3118424117565155,extension
2024-11-23 14:06:35.302854,1.7049090560003606,0.10128085315227509,0.0895659327507019,-0.3389924466609955,-0.20843668282032013,extension
2024-11-23 14:06:35.310488,1.7121891220003818,0.0866168886423111,0.07638359069824219,-0.08909698575735092,0.02007962390780449,extension
2024-11-23 14:06:35.318528,1.72055107199958,0.07161407172679901,0.0618552565574646,0.020983131602406502,0.10878904908895493,flight
2024-11-23 14:06:35.325727,1.7277123100002427,0.054503753781318665,0.04684150218963623,0.08287961781024933,0.13991226255893707,flight
2024-11-23 14:06:35.334601,1.7360004689999187,0.040202751755714417,0.030837655067443848,1.0637236833572388,0.9375550150871277,flight
2024-11-23 14:06:35.344443,1.7453838820001693,0.027062803506851196,0.018066346645355225,0.5822145342826843,0.7384883761405945,flight
2024-11-23 14:06:35.356362,1.7577889080002933,0.02708430588245392,0.02764981985092163,0.5805566310882568,0.5999045372009277,flight
2024-11-23 14:06:35.365595,1.766325200999745,0.04688812792301178,0.04902517795562744,0.014004738070070744,-0.22668756544589996,flight
2024-11-23 14:06:35.374495,1.776000820000263,0.06795567274093628,0.06982767581939697,-0.9315484762191772,-1.126961588859558,flight
2024-11-23 14:06:35.383374,1.7848200979997273,0.07834644615650177,0.0777057409286499,-1.1226896047592163,-1.1450517177581787,flight
2024-11-23 14:06:35.393866,1.7951645699995424,0.07910414040088654,0.07286757230758667,-0.48758664727211,-0.42082297801971436,flight
2024-11-23 14:06:35.403415,1.8048666320000848,0.06923654675483704,0.054618656635284424,-0.05509358271956444,0.02998189628124237,flight
2024-11-23 14:06:35.410291,1.812626244999592,0.04891161620616913,0.03425776958465576,0.20824386179447174,0.8765169382095337,flight
2024-11-23 14:06:35.421107,1.8224414129999786,0.03607073426246643,0.022609591484069824,1.2750113010406494,1.3007926940917969,flight
2024-11-23 14:06:35.437006,1.839191201000176,0.03378365933895111,0.029516875743865967,0.4815201461315155,0.3998798727989197,flight
2024-11-23 14:06:35.444058,1.8454581369996959,0.06786978244781494,0.06680059432983398,0.03473322093486786,-0.029279321432113647,flight
2024-11-23 14:06:35.453413,1.854491328000222,0.08857357501983643,0.09025651216506958,-1.5008658170700073,-1.5367698669433594,flight
2024-11-23 14:06:35.462313,1.8635883500001,0.10171030461788177,0.10088211297988892,-0.9988576173782349,-1.216617465019226,flight
2024-11-23 14:06:35.470315,1.872329482999703,0.10321295261383057,0.09758621454238892,-0.7300084829330444,-0.6072409749031067,flight
2024-11-23 14:06:35.478746,1.8808022240000355,0.0975145548582077,0.08568239212036133,-0.17681211233139038,0.01428204495459795,flight
2024-11-23 14:06:35.487026,1.888588873000117,0.08228474855422974,0.07037228345870972,-0.06227874383330345,0.06312891095876694,flight
2024-11-23 14:06:35.494731,1.8967074479996882,0.08110663294792175,0.08292239904403687,0.8303645849227905,0.82638019323349,flight
2024-11-23 14:06:35.502965,1.904694140999709,0.09891928732395172,0.1013956069946289,0.006314215250313282,-0.6688641309738159,flight
2024-11-23 14:06:35.511374,1.9129267099997378,0.11735701560974121,0.11990100145339966,-1.0221469402313232,-1.1477240324020386,flight
2024-11-23 14:06:35.519967,1.9215112960000624,0.12810426950454712,0.13023507595062256,-1.1283143758773804,-1.1320013999938965,flight
2024-11-23 14:06:35.528984,1.930467139999564,0.13004329800605774,0.1292417049407959,-0.6144556403160095,-0.912808358669281,flight
2024-11-23 14:06:35.538821,1.9397047279999242,0.13686922192573547,0.1376320719718933,-0.18760055303573608,-0.06679924577474594,flight
2024-11-23 14:06:35.551841,1.9533064289998947,0.15029102563858032,0.15251868963241577,-0.5640615820884705,-0.632208526134491,flight
2024-11-23 14:06:35.561201,1.9625159260003784,0.16821235418319702,0.16888660192489624,-0.7355421781539917,-0.7847520709037781,flight
2024-11-23 14:06:35.574640,1.976020502999745,0.18193769454956055,0.18209528923034668,-1.1922073364257812,-1.0701124668121338,compression
2024-11-23 14:06:35.585194,1.9865265589996852,0.1997775435447693,0.2031816840171814,-0.01954774186015129,0.011906948871910572,compression
2024-11-23 14:06:35.602953,2.0042985139998564,0.21708673238754272,0.2186937928199768,-0.07684867829084396,-0.16953663527965546,compression
2024-11-23 14:06:35.613131,2.014296966999609,0.2508639395236969,0.25325626134872437,-0.08803699910640717,-0.06480985879898071,compression
2024-11-23 14:06:35.622170,2.0241975749995618,0.2747131884098053,0.2778593599796295,-0.5371012091636658,-0.5233303308486938,compression
2024-11-23 14:06:35.631223,2.0327092389998143,0.29871296882629395,0.3005204498767853,-0.3860270082950592,-0.44667065143585205,compression
2024-11-23 14:06:35.640017,2.041366784999809,0.32967934012413025,0.33270981907844543,-0.3752402067184448,-0.3750009536743164,compression
2024-11-23 14:06:35.648037,2.0497681400001966,0.3636433482170105,0.3687437176704407,-0.5996427536010742,-0.6153240203857422,compression
2024-11-23 14:06:35.662517,2.0578769379999358,0.400738000869751,0.39294129610061646,-0.405366986989975,-0.7771666049957275,extension
2024-11-23 14:06:35.673438,2.0737950310003725,0.39241093397140503,0.3811122477054596,-1.7112071514129639,-1.6294801235198975,extension
2024-11-23 14:06:35.683428,2.0843930080000064,0.3620404601097107,0.3512757420539856,-1.9417585134506226,-1.7601646184921265,extension
2024-11-23 14:06:35.691313,2.0929825570001412,0.33245325088500977,0.3256557285785675,-1.7734006643295288,-1.5480777025222778,extension
2024-11-23 14:06:35.699440,2.1014001530002133,0.30931755900382996,0.3027280867099762,-1.935341477394104,-1.613680362701416,extension
2024-11-23 14:06:35.707916,2.109674293000353,0.28936535120010376,0.28029516339302063,-1.8334012031555176,-1.5945162773132324,extension
2024-11-23 14:06:35.717053,2.1185585490002268,0.26909613609313965,0.2576878070831299,-1.8138189315795898,-1.6456793546676636,extension
2024-11-23 14:06:35.725915,2.127648773999681,0.2479654848575592,0.2381443828344345,-1.8663705587387085,-1.6057907342910767,extension
2024-11-23 14:06:35.734443,2.1361673640003573,0.22851094603538513,0.2184491753578186,-1.5915883779525757,-1.6360893249511719,extension
2024-11-23 14:06:35.742950,2.1447559689995614,0.20921367406845093,0.1998470425605774,-1.4282703399658203,-1.365459680557251,extension
2024-11-23 14:06:35.750974,2.1525860040001135,0.19284799695014954,0.1828303337097168,-1.2552934885025024,-1.1970512866973877,extension
2024-11-23 14:06:35.760928,2.1619242349997876,0.17625728249549866,0.16559863090515137,-1.1545790433883667,-1.016308069229126,extension
2024-11-23 14:06:35.774985,2.1731404370002565,0.1558372676372528,0.1453568935394287,-1.0715372562408447,-1.0231776237487793,extension
2024-11-23 14:06:35.785876,2.1872892009996576,0.12741157412528992,0.11680245399475098,-0.988019585609436,-0.8987085223197937,extension
2024-11-23 14:06:35.798037,2.1992062540002735,0.10601072013378143,0.0942544937133789,-0.028843045234680176,0.0198310948908329,extension
2024-11-23 14:06:35.807982,2.209368271999665,0.07957860827445984,0.06791496276855469,-0.20079194009304047,0.004634456243366003,extension
2024-11-23 14:06:35.817847,2.2193136919995595,0.05616617202758789,0.04581749439239502,0.426239937543869,0.5991007685661316,flight
2024-11-23 14:06:35.828154,2.229459637999753,0.029110074043273926,0.021610915660858154,0.07750912755727768,0.14542382955551147,flight
2024-11-23 14:06:35.838316,2.2396647469995514,0.013170644640922546,0.005430638790130615,1.1879634857177734,1.0574028491973877,flight
2024-11-23 14:06:35.848510,2.249721400999988,0.009463667869567871,0.0072838664054870605,0.7559531331062317,0.6929622292518616,flight
2024-11-23 14:06:35.857769,2.259137942000052,0.02699458599090576,0.03031522035598755,0.1339031457901001,0.00022804364562034607,flight
2024-11-23 14:06:35.868248,2.268134431999897,0.052183493971824646,0.05406391620635986,-0.3627309799194336,-1.0910422801971436,flight
2024-11-23 14:06:35.876402,2.2787985530003425,0.06998451054096222,0.07147413492202759,-1.168478012084961,-1.0529673099517822,flight
2024-11-23 14:06:35.884713,2.2862665339998784,0.0722968578338623,0.07011687755584717,-1.0093116760253906,-1.0162959098815918,flight
2024-11-23 14:06:35.892988,2.2949460039999394,0.06958074867725372,0.05639296770095825,-0.1108250692486763,-0.0005885045975446701,flight
2024-11-23 14:06:35.901977,2.303310324999984,0.052760615944862366,0.03844505548477173,0.008902836591005325,0.6828228831291199,flight
2024-11-23 14:06:35.911883,2.3128677470003822,0.03184136748313904,0.019470393657684326,0.791004478931427,0.8595259785652161,flight
2024-11-23 14:06:35.922210,2.323485797000103,0.024205535650253296,0.015120983123779297,0.9007652401924133,0.7986546754837036,flight
2024-11-23 14:06:35.931924,2.332943112999601,0.030779972672462463,0.031864941120147705,0.2881689667701721,0.15507927536964417,flight
2024-11-23 14:06:35.941541,2.3426731560002736,0.05483900010585785,0.05529969930648804,-0.09672578424215317,-0.7333146929740906,flight
2024-11-23 14:06:35.950933,2.3522852420001072,0.07296881079673767,0.0731315016746521,-1.24436354637146,-1.1935120820999146,flight
2024-11-23 14:06:35.960104,2.361332636000043,0.07824023067951202,0.07660651206970215,-0.9077991247177124,-0.8874346017837524,flight
2024-11-23 14:06:35.968216,2.370149192000099,0.07774272561073303,0.06563466787338257,-0.300954133272171,-0.1849401891231537,flight
2024-11-23 14:06:35.975150,2.377046388999588,0.06403736770153046,0.051016807556152344,-0.03717168793082237,0.42398953437805176,flight
2024-11-23 14:06:35.982980,2.3848342780001985,0.05027763545513153,0.03721916675567627,0.6207889318466187,0.8917639851570129,flight
2024-11-23 14:06:35.991213,2.3927881030003846,0.043014660477638245,0.03926652669906616,0.7474817037582397,0.7021031975746155,flight
2024-11-23 14:06:35.998856,2.400788850999561,0.06475940346717834,0.06174987554550171,0.3411688804626465,-0.038192301988601685,flight
2024-11-23 14:06:36.006753,2.4083163289997174,0.08847348392009735,0.08589065074920654,-0.6984264254570007,-1.3528268337249756,flight
2024-11-23 14:06:36.015357,2.416819604999546,0.10798279941082001,0.10362809896469116,-1.4796206951141357,-1.4847177267074585,flight
2024-11-23 14:06:36.027277,2.426225481000074,0.11470797657966614,0.10641878843307495,-1.0821505784988403,-1.0007100105285645,flight
2024-11-23 14:06:36.035003,2.4367552949997844,0.1145094633102417,0.10230034589767456,-0.343683123588562,-0.2799346446990967,flight
2024-11-23 14:06:36.042944,2.4447799500003384,0.12424015998840332,0.11361944675445557,-0.09831870347261429,0.005991518497467041,flight
2024-11-23 14:06:36.050805,2.4526519459996052,0.1340619921684265,0.1245914101600647,-0.7605752944946289,-0.6734175682067871,flight
2024-11-23 14:06:36.059029,2.46072046900008,0.14130041003227234,0.13312476873397827,-0.7487444877624512,-0.8587872982025146,flight
2024-11-23 14:06:36.067163,2.468874653000057,0.1526898443698883,0.14301460981369019,-0.6020649671554565,-0.6218217015266418,flight
2024-11-23 14:06:36.078031,2.4789067720003004,0.1643366813659668,0.154282808303833,-0.8921211957931519,-0.7764661312103271,compression
2024-11-23 14:06:36.089282,2.4911940829997548,0.17932555079460144,0.16921758651733398,0.007578504271805286,0.040640972554683685,compression
2024-11-23 14:06:36.096957,2.4986181410004065,0.19425785541534424,0.1830088496208191,-0.009184959344565868,-0.016932129859924316,compression
2024-11-23 14:06:36.105283,2.506998443000157,0.206264466047287,0.19531738758087158,-0.25998973846435547,-0.24532896280288696,compression
2024-11-23 14:06:36.113199,2.514907177999703,0.21969816088676453,0.20952671766281128,-0.16134779155254364,-0.1892814189195633,compression
2024-11-23 14:06:36.120719,2.522549334999894,0.2348651885986328,0.22427411377429962,-0.23091356456279755,-0.2412443310022354,compression
2024-11-23 14:06:36.128045,2.529703758999858,0.25075221061706543,0.23925741016864777,-0.2915644645690918,-0.2842942476272583,compression
2024-11-23 14:06:36.135526,2.537339157000133,0.26715561747550964,0.2547575831413269,-0.28688302636146545,-0.2966659367084503,compression
2024-11-23 14:06:36.142998,2.544976463000239,0.2871619164943695,0.2736721336841583,-0.3513452112674713,-0.32643693685531616,compression
2024-11-23 14:06:36.150251,2.5521825329997228,0.30924347043037415,0.2946406304836273,-0.45487162470817566,-0.43103358149528503,compression
2024-11-23 14:06:36.157928,2.5597229730001345,0.3339816629886627,0.3184308111667633,-0.49645301699638367,-0.5051770210266113,compression
2024-11-23 14:06:36.166863,2.5683885739999823,0.3645061254501343,0.3507019281387329,-0.578037679195404,-0.48971155285835266,compression
2024-11-23 14:06:36.176481,2.5767659499997535,0.4020756483078003,0.3924291729927063,-0.2962588667869568,0.013568473979830742,extension
2024-11-23 14:06:36.186343,2.586434756000017,0.4008381962776184,0.3850858807563782,-1.6973464488983154,-1.591825246810913,extension
2024-11-23 14:06:36.196019,2.597283996999977,0.3791925311088562,0.3532088100910187,-1.783474087715149,-1.6681268215179443,extension
2024-11-23 14:06:36.205276,2.606596229999923,0.3475674092769623,0.3208172023296356,-1.730051875114441,-1.5521987676620483,extension
2024-11-23 14:06:36.215698,2.617054676999942,0.31867367029190063,0.2922619581222534,-1.852885365486145,-1.596947193145752,extension
2024-11-23 14:06:36.225527,2.6261416440001994,0.2902442514896393,0.2653099298477173,-1.8239368200302124,-1.6577259302139282,extension
2024-11-23 14:06:36.238675,2.639804935999564,0.2641863524913788,0.24136951565742493,-1.8709594011306763,-1.6303298473358154,extension
2024-11-23 14:06:36.247363,2.6493149719999565,0.23270636796951294,0.20923447608947754,-1.794714331626892,-1.6394182443618774,extension
2024-11-23 14:06:36.256356,2.657853783999599,0.21274307370185852,0.1902141571044922,-0.8690361976623535,-0.5622618794441223,extension
2024-11-23 14:06:36.265056,2.666374022999662,0.1939011812210083,0.17296749353408813,-1.3499338626861572,-1.1725621223449707,extension
2024-11-23 14:06:36.273963,2.675397623000208,0.17574968934059143,0.15501320362091064,-1.1172219514846802,-0.9872870445251465,extension
2024-11-23 14:06:36.282919,2.684530069000175,0.15714678168296814,0.13608741760253906,-0.9076474905014038,-0.7173609733581543,extension
2024-11-23 14:06:36.293841,2.6942301130002306,0.138083815574646,0.11711198091506958,-0.6689398884773254,-0.4360590875148773,extension
2024-11-23 14:06:36.305758,2.707246402999772,0.11498895287513733,0.09566998481750488,-0.5718071460723877,-0.40275198221206665,extension
2024-11-23 14:06:36.317266,2.7174341250001817,0.08828255534172058,0.06968897581100464,-0.2044946849346161,-0.07216567546129227,extension
2024-11-23 14:06:36.327576,2.7288492609995956,0.05997931957244873,0.04246324300765991,0.12270894646644592,0.3650045394897461,flight
2024-11-23 14:06:36.337304,2.7383768339996095,0.033559247851371765,0.016693830490112305,0.09546305984258652,0.11106419563293457,flight
2024-11-23 14:06:36.346221,2.7478409100003773,0.012136191129684448,-0.0036749839782714844,1.1798546314239502,1.1950712203979492,flight
2024-11-23 14:06:36.355956,2.7574627550002333,0.004848554730415344,-0.006720483303070068,0.9974383115768433,1.0077009201049805,flight
2024-11-23 14:06:36.365221,2.7666766599995753,0.017707228660583496,0.01541203260421753,0.2782990336418152,0.1492750346660614,flight
2024-11-23 14:06:36.374243,2.775734146999639,0.047843024134635925,0.04719632863998413,-0.38796892762184143,-0.9967237710952759,flight
2024-11-23 14:06:36.383506,2.784855945000345,0.06993968784809113,0.06930583715438843,-1.5696696043014526,-1.5746110677719116,flight
2024-11-23 14:06:36.392773,2.793878341999516,0.07653820514678955,0.07270896434783936,-1.0602517127990723,-1.126876950263977,flight
2024-11-23 14:06:36.401920,2.803165927000009,0.07363250851631165,0.058842480182647705,-0.34572139382362366,-0.1546912044286728,flight
2024-11-23 14:06:36.410996,2.8123821279996264,0.051169201731681824,0.03489810228347778,0.007106405217200518,0.6037290692329407,flight
2024-11-23 14:06:36.419697,2.8213161040002888,0.026202768087387085,0.01130455732345581,1.0437614917755127,1.2013518810272217,flight
2024-11-23 14:06:36.428449,2.829966020000029,0.016044124960899353,0.004265964031219482,1.2292166948318481,1.196485996246338,flight
2024-11-23 14:06:36.437622,2.839205385999776,0.020219534635543823,0.02014392614364624,0.4052550494670868,0.30525919795036316,flight
2024-11-23 14:06:36.446398,2.8478270269997665,0.04677891731262207,0.04875272512435913,-0.022323347628116608,-0.7250772714614868,flight
2024-11-23 14:06:36.454904,2.8565393660001064,0.07051150500774384,0.0712704062461853,-1.3747764825820923,-1.5340170860290527,flight
2024-11-23 14:06:36.461527,2.8635930549999102,0.08116339147090912,0.07921290397644043,-1.2744488716125488,-1.2255436182022095,flight
2024-11-23 14:06:36.469098,2.870449903000008,0.08124853670597076,0.07565432786941528,-0.7667887210845947,-0.5241235494613647,flight
2024-11-23 14:06:36.480195,2.8789928999995027,0.07585817575454712,0.06291687488555908,-0.05076618120074272,0.031121233478188515,flight
2024-11-23 14:06:36.487415,2.8894197199997507,0.05376535654067993,0.04040110111236572,0.011192785575985909,0.5157765746116638,flight
2024-11-23 14:06:36.494770,2.8965152769997076,0.0389045774936676,0.027058005332946777,1.2805992364883423,1.3884730339050293,flight
2024-11-23 14:06:36.501547,2.903634389000217,0.03456270694732666,0.024115264415740967,0.7242137789726257,0.6381461024284363,flight
2024-11-23 14:06:36.508191,2.9100062999996226,0.03514832258224487,0.033297181129455566,0.24599628150463104,0.11070175468921661,flight
2024-11-23 14:06:36.515786,2.917327140999987,0.04654867947101593,0.045966148376464844,0.007469804957509041,-0.4495372176170349,flight
2024-11-23 14:06:36.522784,2.9247639579998577,0.059315189719200134,0.05828654766082764,-0.7260025143623352,-0.8626246452331543,flight
2024-11-23 14:06:36.530073,2.932075855000221,0.07289578020572662,0.07130253314971924,-0.9549578428268433,-0.8469535708427429,flight
2024-11-23 14:06:36.537089,2.9390697509998063,0.0844578742980957,0.08394229412078857,-0.9934138655662537,-0.9417014122009277,flight
2024-11-23 14:06:36.544475,2.946467587999905,0.09629248082637787,0.09568136930465698,-0.8713803887367249,-0.9335417151451111,flight
2024-11-23 14:06:36.551838,2.953598162000162,0.10840131342411041,0.10661876201629639,-0.8591762185096741,-0.8913912177085876,flight
2024-11-23 14:06:36.559683,2.961118862999683,0.11965188384056091,0.11765521764755249,-0.8983657360076904,-0.822177529335022,flight
2024-11-23 14:06:36.566557,2.9687096329998894,0.1295395791530609,0.12884175777435303,-0.8417639136314392,-0.8052486777305603,flight
2024-11-23 14:06:36.573420,2.9755380019996664,0.13886308670043945,0.13807833194732666,-0.8401602506637573,-0.942573606967926,flight
2024-11-23 14:06:36.586053,2.9873969840000427,0.14927184581756592,0.14727437496185303,-0.7856259942054749,-0.8150711059570312,compression
2024-11-23 14:06:36.594810,2.996901280000202,0.16722321510314941,0.16887110471725464,0.022177087143063545,0.03579625487327576,compression
2024-11-23 14:06:36.602061,3.0039282669995373,0.18016928434371948,0.179263174533844,-0.06692510098218918,-0.1842665821313858,compression
2024-11-23 14:06:36.608896,3.0110129539998525,0.190181702375412,0.19009888172149658,-0.24274763464927673,-0.16128623485565186,compression
2024-11-23 14:06:36.615757,3.0176915709998866,0.20166775584220886,0.2014579176902771,-0.17229510843753815,-0.2138192057609558,compression
2024-11-23 14:06:36.622317,3.0243596150003214,0.21402093768119812,0.2143520712852478,-0.2062595635652542,-0.18768639862537384,compression
2024-11-23 14:06:36.629930,3.0320573799999693,0.2270517349243164,0.22724413871765137,-0.2539922595024109,-0.28404971957206726,compression
2024-11-23 14:06:36.637247,3.039092662999792,0.24447381496429443,0.24394358694553375,-0.22986452281475067,-0.24163244664669037,compression
2024-11-23 14:06:36.645775,3.0471801100002267,0.2610805630683899,0.2609533667564392,-0.4094921350479126,-0.32200250029563904,compression
2024-11-23 14:06:36.656230,3.056864248000238,0.2856140732765198,0.285711407661438,-0.2944542169570923,-0.28841686248779297,compression
2024-11-23 14:06:36.667251,3.0677840230000584,0.31952348351478577,0.3233984112739563,-0.3702673316001892,-0.3966311812400818,compression
2024-11-23 14:06:36.677620,3.0784059609995893,0.36645013093948364,0.36723655462265015,-0.5295946598052979,-0.6003665328025818,compression
2024-11-23 14:06:36.692223,3.091632646999642,0.4006880521774292,0.3922903537750244,-0.7502194046974182,-0.6118635535240173,extension
2024-11-23 14:06:36.703823,3.1031940350003424,0.38678234815597534,0.3731405436992645,-1.7848020792007446,-1.5134317874908447,extension
2024-11-23 14:06:36.714290,3.115853788000095,0.34271401166915894,0.33061712980270386,-1.8542931079864502,-1.6954596042633057,extension
2024-11-23 14:06:36.722953,3.124333935999857,0.32281821966171265,0.3127148747444153,-1.7735178470611572,-1.6841199398040771,extension
2024-11-23 14:06:36.732748,3.1344567539999844,0.29906725883483887,0.2883948087692261,-1.6756770610809326,-1.5760576725006104,extension
2024-11-23 14:06:36.741885,3.1434544670000832,0.2755855619907379,0.2639600336551666,-1.7725245952606201,-1.636335015296936,extension
2024-11-23 14:06:36.752217,3.1534727719999864,0.25605514645576477,0.2432745397090912,-1.7569084167480469,-1.6649212837219238,extension
2024-11-23 14:06:36.761646,3.163330233999659,0.23311063647270203,0.22085297107696533,-1.7581610679626465,-1.6022040843963623,extension
2024-11-23 14:06:36.770985,3.1726455779999014,0.21239382028579712,0.20056354999542236,-1.4620871543884277,-1.3771246671676636,extension
2024-11-23 14:06:36.781153,3.1823973230002593,0.1941390037536621,0.18196552991867065,-1.289372205734253,-1.2020810842514038,extension
2024-11-23 14:06:36.791078,3.19278529300027,0.17521604895591736,0.16164320707321167,-1.3194153308868408,-1.177272081375122,extension
2024-11-23 14:06:36.799651,3.201247517000411,0.1553545594215393,0.14248955249786377,-0.8971790671348572,-0.7492343783378601,extension
2024-11-23 14:06:36.809515,3.2112063249996936,0.136892169713974,0.12468487024307251,-0.512557864189148,-0.4469850957393646,extension
2024-11-23 14:06:36.818477,3.220297347000269,0.11911174654960632,0.10776084661483765,-0.5345817804336548,-0.4117273688316345,extension
2024-11-23 14:06:36.828262,3.2287269799999194,0.10183447599411011,0.09069687128067017,-0.2214881181716919,-0.18924997746944427,extension
2024-11-23 14:06:36.836523,3.2380948760001047,0.08231115341186523,0.07028263807296753,-0.11828945577144623,-0.03344915807247162,extension
2024-11-23 14:06:36.844683,3.246362517000307,0.06482459604740143,0.05297178030014038,0.18153813481330872,0.4407484233379364,flight
2024-11-23 14:06:36.852726,3.2544210030000613,0.0471750944852829,0.0366138219833374,0.04475736245512962,0.0775083675980568,flight
2024-11-23 14:06:36.860987,3.2623562740000125,0.0314827561378479,0.02289360761642456,1.0007230043411255,0.9289950132369995,flight
2024-11-23 14:06:36.871330,3.272485536000204,0.02432173490524292,0.01706165075302124,0.7552828192710876,0.6787645816802979,flight
2024-11-23 14:06:36.887409,3.2888674939995326,0.030360817909240723,0.03217536211013794,0.29374557733535767,0.2691558301448822,flight
2024-11-23 14:06:36.896802,3.297868966000351,0.06347271800041199,0.06586265563964844,-0.02187364548444748,-0.3748895823955536,flight
2024-11-23 14:06:36.908759,3.310055836999709,0.08322834968566895,0.08653485774993896,-1.6631802320480347,-1.5652093887329102,flight
2024-11-23 14:06:36.917612,3.319260667999515,0.09004531800746918,0.08927243947982788,-0.7011159658432007,-0.8433892130851746,flight
2024-11-23 14:06:36.926822,3.328217383000265,0.08584462106227875,0.0763704776763916,-0.38684889674186707,-0.1708797663450241,flight
2024-11-23 14:06:36.935235,3.337602759999754,0.06501056253910065,0.054535865783691406,0.01180838793516159,0.4961022138595581,flight
2024-11-23 14:06:36.944174,3.344934619000014,0.045691221952438354,0.03701597452163696,1.0697656869888306,1.1926796436309814,flight
2024-11-23 14:06:36.951415,3.353834726000059,0.03396286070346832,0.027689456939697266,0.8717237114906311,0.7815814018249512,flight
2024-11-23 14:06:36.959001,3.3612680610003736,0.03411567211151123,0.034203529357910156,0.6821893453598022,0.5554808974266052,flight
2024-11-23 14:06:36.966019,3.3673169719995713,0.0445876270532608,0.047652602195739746,0.009671974927186966,-0.10328228026628494,flight
2024-11-23 14:06:36.971935,3.374302109000382,0.060013845562934875,0.06294369697570801,-0.590211808681488,-0.9139492511749268,flight
2024-11-23 14:06:36.978539,3.3805743410002833,0.06651909649372101,0.06959861516952515,-1.3508386611938477,-1.2892051935195923,flight
2024-11-23 14:06:36.987787,3.388048802999947,0.0690457671880722,0.0701867938041687,-0.40876373648643494,-0.4395975172519684,flight
2024-11-23 14:06:36.995054,3.3973856270004035,0.06849375367164612,0.06085604429244995,-0.13305121660232544,-0.039268650114536285,flight
2024-11-23 14:06:37.006649,3.4079742530002477,0.05756160616874695,0.04890334606170654,-0.030313987284898758,0.48667722940444946,flight
2024-11-23 14:06:37.012479,3.414674442999967,0.04531131684780121,0.03941541910171509,-0.04431190341711044,0.11966317892074585,flight
2024-11-23 14:06:37.017630,3.4198281440003484,0.047481656074523926,0.04985004663467407,0.9386245608329773,0.7431288957595825,flight
2024-11-23 14:06:37.024361,3.426080729000205,0.06286174058914185,0.06393390893936157,-0.011819723062217236,-0.45667001605033875,flight
2024-11-23 14:06:37.033726,3.4356240970000727,0.07963968813419342,0.08413958549499512,-1.0898911952972412,-1.025697946548462,flight
2024-11-23 14:06:37.041174,3.443451262999588,0.09384618699550629,0.09356093406677246,-0.8368663191795349,-1.0718196630477905,flight
2024-11-23 14:06:37.058403,3.4603844699995534,0.1078680157661438,0.10227775573730469,-0.9697901010513306,-0.6135764718055725,flight
2024-11-23 14:06:37.070349,3.472559046999777,0.11546653509140015,0.11077219247817993,-0.46995097398757935,-0.3546794652938843,flight
2024-11-23 14:06:37.081804,3.482913685999847,0.12914025783538818,0.12919563055038452,-0.4498717784881592,-0.48104342818260193,flight
2024-11-23 14:06:37.091861,3.4940291729999444,0.14237090945243835,0.1383417844772339,-0.7332023978233337,-0.9090902805328369,flight
2024-11-23 14:06:37.097986,3.5003669199995784,0.15521416068077087,0.14967864751815796,-0.8088647723197937,-0.5850256681442261,compression
2024-11-23 14:06:37.108899,3.5102785090002726,0.16253557801246643,0.15783268213272095,0.009474492631852627,0.008144012652337551,compression
2024-11-23 14:06:37.114195,3.5165861650002626,0.17778807878494263,0.17319798469543457,0.01976509392261505,0.006371982861310244,compression
2024-11-23 14:06:37.118972,3.5214801020001687,0.18444746732711792,0.180061936378479,-0.254458487033844,-0.345708966255188,compression
2024-11-23 14:06:37.126296,3.5273868539998148,0.1907939612865448,0.1874697208404541,-0.14532454311847687,-0.16137583553791046,compression
2024-11-23 14:06:37.136383,3.5374265469999955,0.2038896083831787,0.19959419965744019,-0.10447514802217484,-0.11496994644403458,compression
2024-11-23 14:06:37.147868,3.547865644999547,0.22252866625785828,0.21727800369262695,-0.19459828734397888,-0.16836386919021606,compression
2024-11-23 14:06:37.158384,3.5595751179998842,0.24585270881652832,0.2408333718776703,-0.24479857087135315,-0.22104154527187347,compression
2024-11-23 14:06:37.169301,3.5702713119999316,0.2702576518058777,0.26508817076683044,-0.3848302364349365,-0.34843987226486206,compression
2024-11-23 14:06:37.179436,3.580573842999911,0.3010422885417938,0.29490113258361816,-0.365293025970459,-0.3724712133407593,compression
2024-11-23 14:06:37.190783,3.5920383290003883,0.33559396862983704,0.32951924204826355,-0.48839062452316284,-0.4872964024543762,compression
2024-11-23 14:06:37.204452,3.6035070930001893,0.3885716199874878,0.3855248987674713,0.30268755555152893,0.5704493522644043,extension
2024-11-23 14:06:37.216606,3.6156733560001157,0.40109890699386597,0.3886907696723938,-1.7207386493682861,-1.5373215675354004,extension
2024-11-23 14:06:37.227375,3.6277143099996465,0.3693976402282715,0.3503355383872986,-1.7953612804412842,-1.6315020322799683,extension
2024-11-23 14:06:37.234108,3.63610881600016,0.3377336263656616,0.3200109601020813,-1.7175095081329346,-1.5787440538406372,extension
2024-11-23 14:06:37.240065,3.642217241999788,0.316896915435791,0.30064961314201355,-1.7871512174606323,-1.6293745040893555,extension
2024-11-23 14:06:37.249007,3.648643466000067,0.30014610290527344,0.2846386134624481,-1.8249096870422363,-1.616860032081604,extension
2024-11-23 14:06:37.255223,3.6574514120002277,0.2766888439655304,0.26053351163864136,-1.8221776485443115,-1.6280810832977295,extension
2024-11-23 14:06:37.260732,3.663141082999573,0.26125362515449524,0.24543392658233643,-1.4463387727737427,-1.1267775297164917,extension
2024-11-23 14:06:37.268332,3.6706208229998083,0.24883583188056946,0.23261383175849915,-1.6532585620880127,-1.612992286682129,extension
2024-11-23 14:06:37.276415,3.6785561130000133,0.23134228587150574,0.2143670916557312,-1.7620902061462402,-1.5882171392440796,extension
2024-11-23 14:06:37.284546,3.6857661269996242,0.21265742182731628,0.1974356770515442,-1.6534054279327393,-1.3201308250427246,extension
2024-11-23 14:06:37.294455,3.6959826259999318,0.19379132986068726,0.17754226922988892,-1.2995563745498657,-1.2575668096542358,extension
2024-11-23 14:06:37.304928,3.706349209000109,0.17491471767425537,0.1586948037147522,-1.2012964487075806,-0.989736020565033,extension
2024-11-23 14:06:37.316407,3.7174912680002308,0.1496136486530304,0.13435328006744385,-1.020048975944519,-0.8456194400787354,extension
2024-11-23 14:06:37.326566,3.727713729000243,0.12858504056930542,0.11337006092071533,-0.5082370638847351,-0.3842836916446686,extension
2024-11-23 14:06:37.335998,3.7371897129996796,0.10718826949596405,0.09215182065963745,-0.2791282534599304,-0.179120272397995,extension
2024-11-23 14:06:37.347101,3.7467007309996916,0.08569763600826263,0.07119345664978027,-0.02164296805858612,0.05422531068325043,extension
2024-11-23 14:06:37.356947,3.7583534850000433,0.06043192744255066,0.04628103971481323,0.09279783815145493,0.24217286705970764,flight
2024-11-23 14:06:37.366650,3.768026808999821,0.03554341197013855,0.022690951824188232,0.0700480192899704,0.1179785430431366,flight
2024-11-23 14:06:37.376873,3.7782278089998727,0.013326838612556458,0.0018236637115478516,1.1498671770095825,1.071624994277954,flight
2024-11-23 14:06:37.388084,3.7881038630002877,0.0054275840520858765,-0.0001271963119506836,0.926587700843811,0.8813515305519104,flight
2024-11-23 14:06:37.398158,3.799441023000327,0.024509906768798828,0.027116715908050537,0.27314427495002747,0.07242065668106079,flight
2024-11-23 14:06:37.408193,3.809538917000282,0.05765858292579651,0.06171226501464844,-0.6869771480560303,-1.1781426668167114,flight
2024-11-23 14:06:37.418057,3.819423951999852,0.08027268946170807,0.08358293771743774,-1.6638461351394653,-1.5823460817337036,flight
2024-11-23 14:06:37.427501,3.8283799259997977,0.08582119643688202,0.08498126268386841,-1.0897886753082275,-1.0221333503723145,flight
2024-11-23 14:06:37.433684,3.8356292159996883,0.08059844374656677,0.07048022747039795,-0.3377067744731903,-0.0749114379286766,flight
2024-11-23 14:06:37.441260,3.8428644149998945,0.06686584651470184,0.056301236152648926,0.04182421416044235,0.7822797894477844,flight
2024-11-23 14:06:37.452125,3.853576794000219,0.04881882667541504,0.03857320547103882,0.7908934950828552,0.747866153717041,flight
2024-11-23 14:06:37.463503,3.8638210680001066,0.038412079215049744,0.030270874500274658,0.713505744934082,0.6761502623558044,flight
2024-11-23 14:06:37.474240,3.875659960000121,0.03980796039104462,0.04498010873794556,0.39878472685813904,0.2980610132217407,flight
2024-11-23 14:06:37.483834,3.8851358319998326,0.060022324323654175,0.064034104347229,-0.006659926380962133,-0.6076101660728455,flight
2024-11-23 14:06:37.494324,3.8958687289996305,0.0757879763841629,0.07921898365020752,-1.016435146331787,-0.9859030842781067,flight
2024-11-23 14:06:37.503155,3.904619695999827,0.08192595839500427,0.08385413885116577,-0.7306146025657654,-0.6694337725639343,flight
2024-11-23 14:06:37.513219,3.9144716029995834,0.0818479061126709,0.07569217681884766,-0.4176623523235321,-0.34225204586982727,flight
2024-11-23 14:06:37.524274,3.925890110999717,0.06931641697883606,0.059826433658599854,-0.030681269243359566,0.26323196291923523,flight
2024-11-23 14:06:37.532705,3.9338992670000152,0.04947856068611145,0.04007381200790405,0.2969137728214264,0.6048804521560669,flight
2024-11-23 14:06:37.540953,3.942846445000214,0.03881792724132538,0.03247344493865967,0.694529116153717,0.9360291957855225,flight
2024-11-23 14:06:37.549703,3.9517849579997346,0.05519033968448639,0.05780816078186035,0.5000789165496826,0.38379257917404175,flight
2024-11-23 14:06:37.557148,3.9592328299995643,0.08442917466163635,0.08697861433029175,-0.4567619264125824,-1.0392156839370728,flight
2024-11-23 14:06:37.564244,3.9661413049998373,0.10777205228805542,0.10828644037246704,-1.7697888612747192,-1.559074878692627,flight
2024-11-23 14:06:37.572428,3.9743702639998446,0.11900782585144043,0.11855930089950562,-1.5417524576187134,-1.4522380828857422,flight
2024-11-23 14:06:37.579631,3.9813845480002783,0.12031522393226624,0.1174059510231018,-0.6890592575073242,-0.5869547128677368,flight
2024-11-23 14:06:37.588764,3.990479219000008,0.11896827816963196,0.11139744520187378,-0.46745437383651733,-0.12218299508094788,flight
2024-11-23 14:06:37.598900,3.9997202889999244,0.12681761384010315,0.1252484917640686,-0.07170385122299194,0.10004565119743347,flight
2024-11-23 14:06:37.607045,4.0088392919997204,0.14272022247314453,0.1410280466079712,-0.557621955871582,-0.6777604222297668,compression
2024-11-23 14:06:37.614947,4.016664013999616,0.15288308262825012,0.149486243724823,-0.003775450401008129,-0.005932116415351629,compression
2024-11-23 14:06:37.624121,4.025143273999674,0.16478732228279114,0.1615966558456421,-0.010746592655777931,-0.006307422649115324,compression
2024-11-23 14:06:37.636312,4.037990869999703,0.1835315227508545,0.18041622638702393,-0.13543730974197388,-0.1401260644197464,compression
2024-11-23 14:06:37.644237,4.045824220000213,0.20011204481124878,0.19722259044647217,-0.2120363712310791,-0.1932983100414276,compression
2024-11-23 14:06:37.652204,4.054049252999903,0.21499985456466675,0.2124882936477661,-0.3274114727973938,-0.30050715804100037,compression
2024-11-23 14:06:37.659760,4.061241620999681,0.2335326373577118,0.23008888959884644,-0.24452218413352966,-0.2343081384897232,compression
2024-11-23 14:06:37.668209,4.06869399199968,0.2506929636001587,0.24674281477928162,-0.35330575704574585,-0.37117671966552734,compression
2024-11-23 14:06:37.675396,4.077464162000069,0.27228426933288574,0.26877301931381226,-0.26682090759277344,-0.2724982500076294,compression
2024-11-23 14:06:37.682278,4.084395320999647,0.29507145285606384,0.2909711003303528,-0.5074100494384766,-0.4805363416671753,compression
2024-11-23 14:06:37.688623,4.0904129190003005,0.3188144862651825,0.3136777877807617,-0.5698730945587158,-0.5282066464424133,compression
2024-11-23 14:06:37.699153,4.101192072000231,0.34379512071609497,0.33903852105140686,-0.6475061178207397,-0.5985564589500427,compression
2024-11-23 14:06:37.709229,4.108062975999928,0.3976367115974426,0.3940103054046631,0.2342652678489685,0.3376699984073639,extension
2024-11-23 14:06:37.719872,4.120474168999863,0.40152114629745483,0.38797926902770996,-1.6156855821609497,-1.5270085334777832,extension
2024-11-23 14:06:37.727755,4.129258023999682,0.37928587198257446,0.3637211322784424,-1.8462320566177368,-1.6093870401382446,extension
2024-11-23 14:06:37.735393,4.137227625999913,0.34678542613983154,0.33193349838256836,-1.8663640022277832,-1.660165548324585,extension
2024-11-23 14:06:37.743687,4.144941538999774,0.32801681756973267,0.313490629196167,-1.769714593887329,-1.6151820421218872,extension
2024-11-23 14:06:37.754110,4.1556238459997985,0.30183324217796326,0.2844427227973938,-1.717913269996643,-1.61620032787323,extension
2024-11-23 14:06:37.763168,4.164858526999524,0.2741623520851135,0.2587365508079529,-1.7725335359573364,-1.604979157447815,extension
2024-11-23 14:06:37.771530,4.173048044000097,0.2524998188018799,0.23804639279842377,-1.6609143018722534,-1.615525722503662,extension
2024-11-23 14:06:37.780069,4.1817694940000365,0.23300915956497192,0.2181035280227661,-1.6448756456375122,-1.5948593616485596,extension
2024-11-23 14:06:37.790646,4.1916638619995865,0.21283140778541565,0.19883066415786743,-1.5376765727996826,-1.3310185670852661,extension
2024-11-23 14:06:37.798366,4.200075996000123,0.19102025032043457,0.1779942512512207,-1.4687747955322266,-1.392461895942688,extension
2024-11-23 14:06:37.807451,4.208860794999964,0.17478257417678833,0.16070085763931274,-0.7418550252914429,-0.6328770518302917,extension
2024-11-23 14:06:37.815906,4.217421088000265,0.1559901237487793,0.14156180620193481,-1.0853145122528076,-0.8787700533866882,extension
2024-11-23 14:06:37.827394,4.227445503999661,0.13872003555297852,0.12492150068283081,-0.5409347414970398,-0.4266749322414398,extension
2024-11-23 14:06:37.836802,4.2383151710000675,0.11448124051094055,0.1006433367729187,-0.7263352870941162,-0.6458747982978821,extension
2024-11-23 14:06:37.848128,4.248177948000375,0.09382738173007965,0.08007806539535522,0.006032334640622139,0.06376184523105621,extension
2024-11-23 14:06:37.860020,4.261343193000357,0.05964463949203491,0.04730117321014404,0.015331066213548183,0.10248610377311707,flight
2024-11-23 14:06:37.869595,4.271155731999897,0.03820222616195679,0.025975942611694336,0.00925869308412075,0.11237262189388275,flight
2024-11-23 14:06:37.880047,4.281301678999625,0.012205585837364197,0.0004506707191467285,1.0024142265319824,0.9552706480026245,flight
2024-11-23 14:06:37.888757,4.290136624000297,0.0002745091915130615,-0.0050272345542907715,1.2027157545089722,1.0956244468688965,flight
2024-11-23 14:06:37.896388,4.29793584700019,0.01526041328907013,0.01731288433074951,0.5522834658622742,0.27044859528541565,flight
2024-11-23 14:06:37.905375,4.306693479999922,0.044083818793296814,0.048396527767181396,-0.45735689997673035,-1.1709709167480469,flight
2024-11-23 14:06:37.914660,4.316383063000103,0.07342956960201263,0.0751727819442749,-1.5220650434494019,-1.5712497234344482,flight
2024-11-23 14:06:37.922700,4.324344851000205,0.07882837951183319,0.07953202724456787,-1.4639285802841187,-1.353279709815979,flight
2024-11-23 14:06:37.930854,4.332668860999547,0.07839258015155792,0.06892991065979004,-0.34864741563796997,-0.23106825351715088,flight
2024-11-23 14:06:37.938743,4.340754363999622,0.06258784234523773,0.04986155033111572,-0.035279251635074615,0.4251623749732971,flight
2024-11-23 14:06:37.948094,4.34836083800019,0.04273945093154907,0.03078162670135498,0.6659072041511536,1.054547667503357,flight
2024-11-23 14:06:37.967224,4.368851369000367,0.028869345784187317,0.019371747970581055,0.8638532161712646,0.8669458031654358,flight
2024-11-23 14:06:37.975013,4.376418142000148,0.04965364933013916,0.05188792943954468,0.2264653593301773,0.19389751553535461,flight
2024-11-23 14:06:37.982686,4.384373189999678,0.07223615050315857,0.0755988359451294,-0.8081329464912415,-1.2337732315063477,flight
2024-11-23 14:06:37.991169,4.39289126299991,0.089988112449646,0.09359365701675415,-1.4078474044799805,-1.420759916305542,flight
2024-11-23 14:06:37.999145,4.400805090000176,0.09710477292537689,0.09831511974334717,-0.9649425148963928,-0.9959546327590942,flight
2024-11-23 14:06:38.006539,4.408187631999681,0.09685869514942169,0.0909314751625061,-0.4452953040599823,-0.29454973340034485,flight
2024-11-23 14:06:38.014947,4.41662369200003,0.08753752708435059,0.07893824577331543,-0.055547699332237244,0.22181397676467896,flight
2024-11-23 14:06:38.023999,4.42540391700004,0.07126602530479431,0.06404852867126465,0.19639931619167328,0.5789929628372192,flight
2024-11-23 14:06:38.036372,4.437934012999904,0.05574651062488556,0.05130892992019653,0.7236560583114624,0.642952561378479,flight
2024-11-23 14:06:38.044341,4.446163286999763,0.05444721877574921,0.05435657501220703,0.4626001715660095,0.3603180944919586,flight
2024-11-23 14:06:38.052961,4.454528534999554,0.05708782374858856,0.0643344521522522,0.005229346454143524,-0.11462070792913437,flight
2024-11-23 14:06:38.060974,4.462532542999725,0.07405644655227661,0.08206892013549805,-0.03131457790732384,-0.6149605512619019,flight
2024-11-23 14:06:38.069930,4.471625381999729,0.08881251513957977,0.09504956007003784,-1.1365647315979004,-1.1422885656356812,flight
2024-11-23 14:06:38.077673,4.479456213999583,0.10375101864337921,0.1103823184967041,-0.8322254419326782,-0.7454515695571899,flight
2024-11-23 14:06:38.085655,4.487543940999785,0.11574310064315796,0.1233472228050232,-1.0206166505813599,-1.0995558500289917,flight
2024-11-23 14:06:38.092521,4.494226242999503,0.1274232566356659,0.1353062391281128,-0.8039863705635071,-0.9074125289916992,flight
2024-11-23 14:06:38.099962,4.501707503000034,0.13784191012382507,0.1460818648338318,-0.974696159362793,-1.0052496194839478,flight
2024-11-23 14:06:38.108190,4.508827708000354,0.14878085255622864,0.15665841102600098,-0.7961626052856445,-0.8803381323814392,flight
2024-11-23 14:06:38.116449,4.518237305999719,0.16157907247543335,0.16987502574920654,-0.8100816011428833,-0.8020098209381104,compression
2024-11-23 14:06:38.125364,4.527301109000291,0.17600035667419434,0.18412727117538452,0.0022453833371400833,0.002611106261610985,compression
2024-11-23 14:06:38.132486,4.5346338760000435,0.18777915835380554,0.19613337516784668,-0.018714504316449165,-0.035083308815956116,compression
2024-11-23 14:06:38.140348,4.541840169000352,0.19863873720169067,0.20898795127868652,-0.2092415988445282,-0.23352865874767303,compression
2024-11-23 14:06:38.149625,4.551491199000338,0.21312639117240906,0.22602349519729614,-0.18256781995296478,-0.24280096590518951,compression
2024-11-23 14:06:38.159038,4.560665365999739,0.23204004764556885,0.24442841112613678,-0.206097811460495,-0.2652418911457062,compression
2024-11-23 14:06:38.168361,4.569543882999824,0.25405269861221313,0.2661406397819519,-0.3220546543598175,-0.26965761184692383,compression
2024-11-23 14:06:38.178378,4.579764215000068,0.28095611929893494,0.2943248748779297,-0.34306180477142334,-0.37726765871047974,compression
2024-11-23 14:06:38.188419,4.590092448999712,0.3134578764438629,0.32725006341934204,-0.4221125543117523,-0.4371732175350189,compression
2024-11-23 14:06:38.197499,4.5986669630001415,0.3554047644138336,0.37154221534729004,-0.57347571849823,-0.5434075593948364,compression
2024-11-23 14:06:38.208901,4.608748599999672,0.3998684287071228,0.39341747760772705,-0.21519160270690918,-0.7337201237678528,extension
2024-11-23 14:06:38.221127,4.619945378999546,0.38460612297058105,0.3864127993583679,-1.8351999521255493,-1.5709282159805298,extension
2024-11-23 14:06:38.234278,4.6357219080000505,0.34035027027130127,0.3374926447868347,-1.9743975400924683,-1.6238045692443848,extension
2024-11-23 14:06:38.244484,4.645422824999514,0.30615168809890747,0.31337863206863403,-1.7796518802642822,-1.6510725021362305,extension
2024-11-23 14:06:38.256324,4.657426486000077,0.28237035870552063,0.28464680910110474,-1.8210941553115845,-1.6271291971206665,extension
2024-11-23 14:06:38.267853,4.667318169000282,0.25486674904823303,0.25632748007774353,-1.8435721397399902,-1.6430943012237549,extension
2024-11-23 14:06:38.277916,4.679484766000314,0.2287599742412567,0.23219263553619385,-1.7041889429092407,-1.592194676399231,extension
2024-11-23 14:06:38.287043,4.688624454000092,0.20867407321929932,0.20973342657089233,-1.3122713565826416,-1.528394341468811,extension
2024-11-23 14:06:38.297193,4.69821895000041,0.19331488013267517,0.19093352556228638,-1.265077829360962,-1.1858853101730347,extension
2024-11-23 14:06:38.308358,4.7085269440003685,0.17343872785568237,0.1705980896949768,-1.448718786239624,-1.3161311149597168,extension
2024-11-23 14:06:38.315097,4.717276559999846,0.15096384286880493,0.15127897262573242,-0.9948627948760986,-0.9287259578704834,extension
2024-11-23 14:06:38.324179,4.723500277000312,0.1392628252506256,0.1392899751663208,-0.09365193545818329,-0.23094108700752258,extension
2024-11-23 14:06:38.330368,4.732346460999906,0.12491360306739807,0.12228637933731079,-0.792664647102356,-0.9817872643470764,extension
2024-11-23 14:06:38.338074,4.739969139000095,0.11404174566268921,0.10962402820587158,-0.11697784811258316,-0.0024598250165581703,extension
2024-11-23 14:06:38.347500,4.747985351000352,0.09887301921844482,0.09613358974456787,-0.49879565834999084,-0.32571858167648315,extension
2024-11-23 14:06:38.355786,4.75761791900004,0.07984982430934906,0.07902228832244873,-0.1632501631975174,-0.2369411587715149,extension
2024-11-23 14:06:38.363426,4.765063531999658,0.0654274970293045,0.06393277645111084,0.17945131659507751,0.08578578382730484,flight
2024-11-23 14:06:38.371194,4.7729293259999395,0.05222781002521515,0.04968386888504028,0.05946963652968407,0.11128474026918411,flight
2024-11-23 14:06:38.379006,4.7806379060002655,0.03736039996147156,0.03318232297897339,0.8012695908546448,0.8515552282333374,flight
2024-11-23 14:06:38.387797,4.788352374999704,0.023149847984313965,0.02085477113723755,0.8407256007194519,0.8974974751472473,flight
2024-11-23 14:06:38.395603,4.796908983000321,0.020258650183677673,0.0227544903755188,0.6359108090400696,0.5270510315895081,flight
2024-11-23 14:06:38.403339,4.804730982999899,0.023407265543937683,0.03619742393493652,0.09792270511388779,-0.01096027996391058,flight
2024-11-23 14:06:38.411325,4.813146690999929,0.0394250750541687,0.05133712291717529,-0.019903240725398064,-0.8584404587745667,flight
2024-11-23 14:06:38.419605,4.821218381000108,0.0527530312538147,0.0613064169883728,-0.9284825921058655,-0.9249381422996521,flight
2024-11-23 14:06:38.429272,4.83054961400012,0.055882424116134644,0.06253206729888916,-0.7092025876045227,-0.5489463806152344,flight
2024-11-23 14:06:38.439717,4.841401634000249,0.05460134148597717,0.052874743938446045,-0.16083736717700958,-0.12338545173406601,flight
2024-11-23 14:06:38.448025,4.8498775979996935,0.03626240789890289,0.03466576337814331,-0.016433507204055786,0.31456658244132996,flight
2024-11-23 14:06:38.454968,4.856952342999648,0.023145705461502075,0.021357417106628418,0.7998360395431519,1.0003219842910767,flight
2024-11-23 14:06:38.463010,4.864773045999755,0.017953023314476013,0.017002642154693604,0.7636849284172058,0.7839953899383545,flight
2024-11-23 14:06:38.472185,4.873950991000129,0.01843126118183136,0.025893211364746094,0.27505671977996826,0.2609195411205292,flight
2024-11-23 14:06:38.479904,4.8817594180000015,0.03357549011707306,0.04433631896972656,0.008146108128130436,-0.30887362360954285,flight
2024-11-23 14:06:38.487846,4.8895957499998985,0.046629324555397034,0.05738043785095215,-0.7131465077400208,-1.1634340286254883,flight
2024-11-23 14:06:38.496484,4.897245148000366,0.05330410599708557,0.06184101104736328,-0.7032145261764526,-0.7113305926322937,flight
2024-11-23 14:06:38.510397,4.912262257000293,0.0535290390253067,0.05446016788482666,-0.2996073365211487,-0.20558154582977295,flight
2024-11-23 14:06:38.531822,4.932203708000088,0.05645452439785004,0.08204376697540283,-0.04587699845433235,0.25374671816825867,flight
2024-11-23 14:06:38.539926,4.9419288819999565,0.08342637121677399,0.0965995192527771,-0.07611016929149628,-0.5611988306045532,flight
2024-11-23 14:06:38.549801,4.951528581000275,0.09209991991519928,0.10720723867416382,-1.6342507600784302,-0.9162606000900269,flight
2024-11-23 14:06:38.557120,4.959125352999763,0.09500326216220856,0.11101865768432617,-0.5349980592727661,-0.5821341276168823,flight
2024-11-23 14:06:38.564970,4.966167542999756,0.10516057908535004,0.11936384439468384,-0.2758671045303345,-0.36725711822509766,flight
2024-11-23 14:06:38.571757,4.973685893000038,0.11381840705871582,0.12714749574661255,-0.8245981931686401,-0.6999319195747375,flight
2024-11-23 14:06:38.578760,4.980435655000292,0.12050071358680725,0.13535559177398682,-0.758676290512085,-0.7134749293327332,flight
2024-11-23 14:06:38.586912,4.988793569999871,0.12750813364982605,0.1439131498336792,-0.5846765041351318,-0.7000648975372314,flight
2024-11-23 14:06:38.595754,4.9963654359999055,0.13664445281028748,0.15237146615982056,-0.5783104300498962,-0.7085921764373779,flight
2024-11-23 14:06:38.603032,5.005003614000088,0.1472901999950409,0.1632053256034851,-0.6777283549308777,-0.665006160736084,flight
2024-11-23 14:06:38.611618,5.01285837100022,0.15567705035209656,0.17126673460006714,-0.9199919700622559,-0.9961258769035339,flight
2024-11-23 14:06:38.641519,5.042341598999883,0.16613680124282837,0.18290680646896362,-0.6216875314712524,-0.6781977415084839,compression
2024-11-23 14:06:38.653863,5.05379069799983,0.20313459634780884,0.22255349159240723,0.0232424046844244,0.008165833540260792,compression
2024-11-23 14:06:38.665281,5.065668088000166,0.2213345468044281,0.24320581555366516,-0.30444422364234924,-0.45108190178871155,compression
2024-11-23 14:06:38.677813,5.078071283000099,0.24169883131980896,0.26361316442489624,-0.1821308434009552,-0.2508704960346222,compression
2024-11-23 14:06:38.690504,5.0910542789997635,0.26831361651420593,0.29348504543304443,-0.2562617063522339,-0.25409337878227234,compression
2024-11-23 14:06:38.708241,5.109166182000081,0.3005886971950531,0.32585689425468445,-0.36385276913642883,-0.3580414354801178,compression
2024-11-23 14:06:38.719410,5.1195876889996725,0.3613964319229126,0.39407554268836975,-0.27822399139404297,-0.025460487231612206,extension
2024-11-23 14:06:38.734871,5.134281091999583,0.38483375310897827,0.39246058464050293,-1.7937259674072266,-1.4296780824661255,extension
2024-11-23 14:06:38.743417,5.145220256000357,0.3438311219215393,0.3589911162853241,-1.9269261360168457,-1.6850337982177734,extension
2024-11-23 14:06:38.752429,5.154048626999611,0.31727150082588196,0.3383726179599762,-1.8467663526535034,-1.54514741897583,extension
2024-11-23 14:06:38.760530,5.16203837699959,0.2969062030315399,0.3134691119194031,-1.7431732416152954,-1.6273804903030396,extension
2024-11-23 14:06:38.769115,5.170487194999623,0.2784424126148224,0.2920500338077545,-1.8348851203918457,-1.64571213722229,extension
2024-11-23 14:06:38.777137,5.178962844000125,0.2592199742794037,0.27083688974380493,-1.8103312253952026,-1.6124809980392456,extension
2024-11-23 14:06:38.785259,5.186862061999818,0.2415546178817749,0.2523432672023773,-1.8119193315505981,-1.6205205917358398,extension
2024-11-23 14:06:38.792921,5.1947978520001925,0.22297406196594238,0.23566004633903503,-1.758644461631775,-1.6177898645401,extension
2024-11-23 14:06:38.803049,5.204501657000037,0.20736101269721985,0.21809852123260498,-1.3129961490631104,-1.6375398635864258,extension
2024-11-23 14:06:38.812614,5.213878331999695,0.19060662388801575,0.19525200128555298,-1.668168544769287,-1.6531449556350708,extension
2024-11-23 14:06:38.823245,5.224469310000131,0.1732999086380005,0.1776917576789856,-1.187658429145813,-1.0197172164916992,extension
2024-11-23 14:06:38.837969,5.2359292969995295,0.15049201250076294,0.15806764364242554,-1.1927248239517212,-1.2324097156524658,extension
2024-11-23 14:06:38.850816,5.252147080999748,0.12427398562431335,0.12446510791778564,-0.8472952842712402,-1.0684478282928467,extension
